-- phpMyAdmin SQL Dump
-- version 5.2.1
-- https://www.phpmyadmin.net/
--
-- Hôte : mysql
-- Généré le : ven. 02 juin 2023 à 15:52
-- Version du serveur : 10.5.8-MariaDB-1:10.5.8+maria~focal
-- Version de PHP : 8.1.17

SET SQL_MODE = "NO_AUTO_VALUE_ON_ZERO";
START TRANSACTION;
SET time_zone = "+00:00";


/*!40101 SET @OLD_CHARACTER_SET_CLIENT=@@CHARACTER_SET_CLIENT */;
/*!40101 SET @OLD_CHARACTER_SET_RESULTS=@@CHARACTER_SET_RESULTS */;
/*!40101 SET @OLD_COLLATION_CONNECTION=@@COLLATION_CONNECTION */;
/*!40101 SET NAMES utf8mb4 */;

--
-- Base de données : `boogle`
--

-- --------------------------------------------------------

--
-- Structure de la table `amis`
--

CREATE TABLE `amis` (
  `idUser1` int(11) NOT NULL,
  `idUser2` int(11) NOT NULL
) ENGINE=InnoDB DEFAULT CHARSET=utf8mb4;

--
-- Déchargement des données de la table `amis`
--

INSERT INTO `amis` (`idUser1`, `idUser2`) VALUES
(3, 4);

-- --------------------------------------------------------

--
-- Structure de la table `chatprive`
--

CREATE TABLE `chatprive` (
  `idChat` varchar(50) NOT NULL,
  `messageChat` varchar(50) DEFAULT NULL,
  `idMessageJoueur` varchar(50) DEFAULT NULL
) ENGINE=InnoDB DEFAULT CHARSET=utf8;

-- --------------------------------------------------------

--
-- Structure de la table `jouer`
--

CREATE TABLE `jouer` (
  `idUser` int(11) NOT NULL,
  `idPartie` varchar(50) NOT NULL
) ENGINE=InnoDB DEFAULT CHARSET=utf8;

--
-- Déchargement des données de la table `jouer`
--

INSERT INTO `jouer` (`idUser`, `idPartie`) VALUES
(3, '158673bef73beeae14cfdc10713a13e8'),
(3, '1f19a5bae1c1d2b06041090e5cae3aa6'),
(3, '34489944aea10854268db0b4036459aa'),
(3, '424cf35f417a6478842e1fb49ce497eb'),
(3, '43012d611131ed486fd75f4033670400'),
(3, '430c1ab2244efad841dced15c68086be'),
(3, '6fa24f022c6d2f565b041241e9696d02'),
(3, '7354dcaf2696938a902f3c6811819ebe'),
(3, '82187c0c8e3022ab539a204aaf84701a'),
(3, 'c4b418e7675a8e0ef9ab64d46e73ec6f'),
(3, 'd81e3ebc8c3b6405ed1001ffe845c8de'),
(3, 'da80673b641a663a4e46ce91f9a85ca7'),
(3, 'e9bc5073427fe762c45205a8b534fa45'),
(3, 'f3f7f0c02fc3338ff43b69297ee61a6a'),
(4, '108c53fbd48f991ccfb0b6ea57343be2'),
(4, '1ba1d1d3ad1f04dd9e015d215a705f9c'),
(4, '2f06feaab45657ac5ff9b8c1945f628a'),
(4, '54f10b753116b9ed594d44822308e037'),
(4, 'b6650d0c96dd625647a4fa96ef78694b'),
(4, 'd064929bde6a156248333d825d32aa96'),
(4, 'dcd94ccbc8d6fbf4187835670ea62362'),
(4, 'df3752fd67b519596080b7ce8d052507'),
(4, 'e01009993b60ce12a794d4d05e068c16'),
(5, '0055e6527ddef75bf5fc35185b64550a'),
(5, 'd75a6c88192ae98cfab3fd4a9a5ef8aa');

-- --------------------------------------------------------

--
-- Structure de la table `partie`
--

CREATE TABLE `partie` (
  `idPartie` varchar(50) NOT NULL,
  `NbMotsTrouves` varchar(50) DEFAULT NULL,
  `idVainqueur` varchar(50) DEFAULT NULL,
  `dimensionsGrille` varchar(10) NOT NULL DEFAULT '4x4',
  `Grille` longtext CHARACTER SET utf8mb4 COLLATE utf8mb4_bin DEFAULT NULL CHECK (json_valid(`Grille`)),
  `NomDicoUtilise` varchar(50) DEFAULT NULL,
  `DateDebutPartie` datetime DEFAULT NULL,
  `DateFinPartie` datetime DEFAULT NULL,
  `idChat` varchar(50) DEFAULT NULL,
  `gameAdmin` int(11) DEFAULT NULL
) ENGINE=InnoDB DEFAULT CHARSET=utf8;

--
-- Déchargement des données de la table `partie`
--

INSERT INTO `partie` (`idPartie`, `NbMotsTrouves`, `idVainqueur`, `dimensionsGrille`, `Grille`, `NomDicoUtilise`, `DateDebutPartie`, `DateFinPartie`, `idChat`, `gameAdmin`) VALUES
('0055e6527ddef75bf5fc35185b64550a', '1', '5', '4x4', '[[\"M\",\"T\",\"F\",\"E\"],[\"S\",\"S\",\"D\",\"N\"],[\"E\",\"D\",\"D\",\"R\"],[\"O\",\"QU\",\"D\",\"N\"]]', NULL, '2023-01-31 13:24:41', '2023-01-31 13:24:55', NULL, NULL),
('008edf2d-3f3f-481f-9c2f-212402e79189', NULL, NULL, '4x4', NULL, NULL, NULL, NULL, NULL, 4),
('00efbd3f-48fb-4fe5-a7d0-ea5ccd943352', NULL, NULL, '4x4', NULL, NULL, NULL, NULL, NULL, 4),
('010fe104-6009-41a7-a62e-9a2e382b9e94', NULL, NULL, '4x4', NULL, NULL, NULL, NULL, NULL, 3),
('016870f6-c033-465a-bb04-0e9c21e65f2b', NULL, NULL, '4x4', NULL, NULL, NULL, NULL, NULL, NULL),
('02a78491-6bc7-4288-a3c1-982d02be1867', NULL, NULL, '4x4', NULL, NULL, NULL, NULL, NULL, 3),
('033b6474-eda3-43af-bbf7-c3f6415e060e', NULL, NULL, '4x4', NULL, NULL, NULL, NULL, NULL, 3),
('033f1816-abcd-475e-907e-09e05400e175', NULL, NULL, '4x4', NULL, NULL, NULL, NULL, NULL, NULL),
('0427ef6b-27ad-48e0-82c9-5d2c49ed8e43', NULL, NULL, '4x4', NULL, NULL, NULL, NULL, NULL, 4),
('04cdb4ad-f3c5-4253-bd92-d758242a8d1b', NULL, NULL, '4x4', NULL, NULL, NULL, NULL, NULL, 4),
('04cf8094-2527-4821-bafb-5415181c8099', NULL, NULL, '4x4', NULL, NULL, NULL, NULL, NULL, NULL),
('0526e19f-1409-4528-b3b8-728265fc3d01', NULL, NULL, '4x4', NULL, NULL, NULL, NULL, NULL, 3),
('0688904d-f874-4021-83d8-411cf4e4e76a', NULL, NULL, '4x4', NULL, NULL, NULL, NULL, NULL, 4),
('076195d0-b1ca-4146-80a9-f14eabf8e4db', NULL, NULL, '4x4', NULL, NULL, NULL, NULL, NULL, NULL),
('077999a6-de91-4bd0-bbbd-3a7295f093c0', NULL, NULL, '4x4', NULL, NULL, NULL, NULL, NULL, 3),
('079fc796-a141-4e86-9a6c-003fdeead133', NULL, NULL, '4x4', NULL, NULL, NULL, NULL, NULL, 3),
('07da5c6d-76e1-4672-ac5f-b08a68b8eba7', NULL, NULL, '4x4', NULL, NULL, NULL, NULL, NULL, NULL),
('0856edeb-2233-47d1-ba32-ca44dec81848', NULL, NULL, '4x4', NULL, NULL, NULL, NULL, NULL, 3),
('087a8d29-d10a-4720-a7b4-f81cc0453de0', NULL, NULL, '4x4', NULL, NULL, NULL, NULL, NULL, NULL),
('091107ae-a8ad-4297-bc6d-93daccd0c274', NULL, NULL, '4x4', NULL, NULL, NULL, NULL, NULL, NULL),
('09343c83-4ddd-4cba-9c13-31f6ba740681', NULL, NULL, '4x4', NULL, NULL, NULL, NULL, NULL, 3),
('09d18c76-c3a7-4cd9-96bc-f74d4bd9b094', NULL, NULL, '4x4', NULL, NULL, NULL, NULL, NULL, 3),
('0acef680-febb-41c9-ade5-e9f471f4123b', NULL, NULL, '4x4', NULL, NULL, NULL, NULL, NULL, 4),
('0b433cff-b9f1-4dfe-8e53-2e1009c21608', NULL, NULL, '4x4', NULL, NULL, NULL, NULL, NULL, 3),
('0bcb4af2-b3ec-45ce-a314-7924dfea18fb', NULL, NULL, '4x4', NULL, NULL, NULL, NULL, NULL, 3),
('0d14041a-bcc7-4911-ab6b-df6d23c2a6bb', NULL, NULL, '4x4', NULL, NULL, NULL, NULL, NULL, 4),
('0d35188a-f7a0-448d-ac27-cc19b880e322', NULL, NULL, '4x4', NULL, NULL, NULL, NULL, NULL, NULL),
('0d39c075-bcf2-43fe-b700-b26a491a575f', NULL, NULL, '4x4', NULL, NULL, NULL, NULL, NULL, 4),
('0e283036-e651-4242-8e66-2a75a555f1ed', NULL, NULL, '4x4', NULL, NULL, NULL, NULL, NULL, 3),
('0e4f7297-2d82-4e3e-a453-9da97af385d5', NULL, NULL, '4x4', NULL, NULL, NULL, NULL, NULL, 3),
('0ee2ae8c-9227-402f-9c63-a6e08cdbb67c', NULL, NULL, '4x4', NULL, NULL, NULL, NULL, NULL, 3),
('0f7b6b28-b63f-4ea3-bf09-ce81d29a8aec', NULL, NULL, '4x4', NULL, NULL, NULL, NULL, NULL, 3),
('10381781-26a4-42df-8d21-6224b7fb4b7c', NULL, NULL, '4x4', NULL, NULL, NULL, NULL, NULL, NULL),
('108c53fbd48f991ccfb0b6ea57343be2', '1', '4', '4x4', '[[\"L\",\"E\",\"I\",\"U\"],[\"E\",\"R\",\"D\",\"E\"],[\"I\",\"D\",\"D\",\"E\"],[\"E\",\"N\",\"P\",\"S\"]]', NULL, '2023-01-26 00:19:16', '2023-01-26 00:28:37', NULL, NULL),
('1108a68d-d197-40f1-ab9d-44ca5c20c6bb', NULL, NULL, '4x4', NULL, NULL, NULL, NULL, NULL, 3),
('115e5c39-edfe-47ea-aef3-3e1d01cc070b', NULL, NULL, '4x4', NULL, NULL, NULL, NULL, NULL, 3),
('11dd2b31-6667-4427-b42d-49784e9a0ad3', NULL, NULL, '4x4', NULL, NULL, NULL, NULL, NULL, 3),
('1222bddc-5cd5-4f03-a10d-08c04c6f4306', NULL, NULL, '4x4', NULL, NULL, NULL, NULL, NULL, 4),
('1223f4bf-504a-4bf3-b525-052ee3c69dc4', NULL, NULL, '4x4', NULL, NULL, NULL, NULL, NULL, 4),
('12435822-74ff-4b9b-92be-7e170afd950a', NULL, NULL, '4x4', NULL, NULL, NULL, NULL, NULL, 4),
('129d32cf-e9df-4124-8c31-04c787aed436', NULL, NULL, '4x4', NULL, NULL, NULL, NULL, NULL, NULL),
('12c66b4e-75ca-407c-a594-04d5971d1749', NULL, NULL, '4x4', NULL, NULL, NULL, NULL, NULL, 4),
('12d4153d-0007-4454-b468-babcb9d9fbb5', NULL, NULL, '4x4', NULL, NULL, NULL, NULL, NULL, 3),
('13236baf-f86c-435e-a74f-54ae74e0a937', NULL, NULL, '4x4', NULL, NULL, NULL, NULL, NULL, NULL),
('13835cc2-c68c-4bd1-a5c0-2bd275e58591', NULL, NULL, '4x4', NULL, NULL, NULL, NULL, NULL, 4),
('138681f5-4a78-4c81-9dfc-44c658688d21', NULL, NULL, '4x4', NULL, NULL, NULL, NULL, NULL, 4),
('13af839b-a293-489a-b854-2f16201c1369', NULL, NULL, '4x4', NULL, NULL, NULL, NULL, NULL, 3),
('147b9085-b164-40c0-a074-d903947cf7c8', NULL, NULL, '4x4', NULL, NULL, NULL, NULL, NULL, 3),
('152aaaf7-e1d9-444b-b93a-ebe2c49922b6', NULL, NULL, '4x4', NULL, NULL, NULL, NULL, NULL, 3),
('158673bef73beeae14cfdc10713a13e8', '1', '3', '4x4', '[[\"E\",\"D\",\"V\",\"E\"],[\"I\",\"I\",\"M\",\"S\"],[\"E\",\"P\",\"T\",\"L\"],[\"D\",\"S\",\"P\",\"U\"]]', NULL, '2023-01-26 19:50:28', '2023-01-26 19:56:52', NULL, NULL),
('15977b17-d648-4c64-ac69-610f3e0d1df1', NULL, NULL, '4x4', NULL, NULL, NULL, NULL, NULL, 3),
('15a2e512-5e96-4828-bec7-dc89f5606fe1', NULL, NULL, '4x4', NULL, NULL, NULL, NULL, NULL, 3),
('15f6dca9-11e8-4a31-90d6-4986fb75abe6', NULL, NULL, '4x4', NULL, NULL, NULL, NULL, NULL, 4),
('161ef584-965f-4301-bc24-d39993122afe', NULL, NULL, '4x4', NULL, NULL, NULL, NULL, NULL, NULL),
('16ae8f17-128e-40a3-b2de-ed89c06b3be2', NULL, NULL, '4x4', NULL, NULL, NULL, NULL, NULL, NULL),
('16d6621a-bbc3-473b-b1f2-96fb1bc7ad47', NULL, NULL, '4x4', NULL, NULL, NULL, NULL, NULL, 4),
('17384d0a-0a4b-49f7-bb71-b337044abf7b', NULL, NULL, '4x4', NULL, NULL, NULL, NULL, NULL, 4),
('178f2c8b-742a-4667-b552-7efa91efdc23', NULL, NULL, '4x4', NULL, NULL, NULL, NULL, NULL, 3),
('180da898-1428-47a5-b698-f7edbf0c6b9d', NULL, NULL, '4x4', NULL, NULL, NULL, NULL, NULL, 3),
('186d9818-48cb-49c5-87df-32a032304cbd', NULL, NULL, '4x4', NULL, NULL, NULL, NULL, NULL, NULL),
('18736398-27e2-4dcc-a3fd-594f4135d01f', NULL, NULL, '4x4', NULL, NULL, NULL, NULL, NULL, 3),
('1950d0f5-965d-4f9e-a6d1-7e906191da9e', NULL, NULL, '4x4', NULL, NULL, NULL, NULL, NULL, NULL),
('1a044cd2-cdae-4372-842a-2c3757228027', NULL, NULL, '4x4', NULL, NULL, NULL, NULL, NULL, NULL),
('1a48bbd9-4451-4b1a-8a52-f87ac9c997a0', NULL, NULL, '4x4', NULL, NULL, NULL, NULL, NULL, NULL),
('1a7643b7-6f19-4c9a-9f1b-520270289a45', NULL, NULL, '4x4', NULL, NULL, NULL, NULL, NULL, 3),
('1a995061-575f-4d77-b349-78d49855318e', NULL, NULL, '4x4', NULL, NULL, NULL, NULL, NULL, 3),
('1aac3e2c-d44d-4c64-9d4f-52f658fe0682', NULL, NULL, '4x4', NULL, NULL, NULL, NULL, NULL, NULL),
('1b91f5f2-3dfd-4cd7-94d7-d5667bcfe151', NULL, NULL, '4x4', NULL, NULL, NULL, NULL, NULL, 3),
('1ba1d1d3ad1f04dd9e015d215a705f9c', '1', '4', '4x4', '[[\"L\",\"E\",\"I\",\"U\"],[\"E\",\"R\",\"D\",\"E\"],[\"I\",\"D\",\"D\",\"E\"],[\"E\",\"N\",\"P\",\"S\"]]', NULL, '2023-01-26 00:19:16', '2023-01-26 00:29:02', NULL, NULL),
('1c63bdab-7fa1-408f-ad32-2c78346ef13f', NULL, NULL, '4x4', NULL, NULL, NULL, NULL, NULL, 4),
('1c63f886-999a-4afa-91b6-cf61f8f1ba5a', NULL, NULL, '4x4', NULL, NULL, NULL, NULL, NULL, NULL),
('1c92139e-90d4-4436-8bfc-fc1340d15d76', NULL, NULL, '4x4', NULL, NULL, NULL, NULL, NULL, NULL),
('1caf201a-d147-443d-bacc-d2cc56a130b3', NULL, NULL, '4x4', NULL, NULL, NULL, NULL, NULL, 3),
('1d34948f-4073-46a9-af9f-928eabf17659', NULL, NULL, '4x4', NULL, NULL, NULL, NULL, NULL, 4),
('1db8d415-0ae1-49ed-88a3-9e997662d50b', NULL, NULL, '4x4', NULL, NULL, NULL, NULL, NULL, 3),
('1df99779-b70e-44d2-869a-d1d7cb071c6f', NULL, NULL, '4x4', NULL, NULL, NULL, NULL, NULL, 3),
('1e6818d1-4bd9-40b5-b60a-a41326fd9717', NULL, NULL, '4x4', NULL, NULL, NULL, NULL, NULL, NULL),
('1ea0c9ab-68ab-47a5-a9e0-130b73d10e5d', NULL, NULL, '4x4', NULL, NULL, NULL, NULL, NULL, NULL),
('1f19a5bae1c1d2b06041090e5cae3aa6', '1', '3', '4x4', '[[\"E\",\"D\",\"E\",\"N\"],[\"E\",\"M\",\"E\",\"M\"],[\"I\",\"E\",\"N\",\"V\"],[\"R\",\"N\",\"E\",\"F\"]]', NULL, '2023-01-26 00:29:13', '2023-01-26 00:33:14', NULL, NULL),
('1f882349-1508-4e64-ae2b-0878ad0affac', NULL, NULL, '4x4', NULL, NULL, NULL, NULL, NULL, 3),
('1f8c2cfa-5238-4c77-b1fe-3a559e68d727', NULL, NULL, '4x4', NULL, NULL, NULL, NULL, NULL, 4),
('1fe371e7-a36a-4eb9-8b3a-c31941cb7ad1', NULL, NULL, '4x4', NULL, NULL, NULL, NULL, NULL, 3),
('21cbb525-4c1f-4402-a670-bf2a5b6fa62a', NULL, NULL, '4x4', NULL, NULL, NULL, NULL, NULL, 3),
('21decd3c-0bdd-4010-a651-ca7d3d381d0e', NULL, NULL, '4x4', NULL, NULL, NULL, NULL, NULL, 4),
('21f6fd86-6b42-4e57-b748-f38868c78345', NULL, NULL, '4x4', NULL, NULL, NULL, NULL, NULL, 4),
('220eafe6-9913-4b0e-894b-c2bd8d85257b', NULL, NULL, '4x4', NULL, NULL, NULL, NULL, NULL, 4),
('22978a96-300b-4e9e-98c4-0b3e05ccf55c', NULL, NULL, '4x4', NULL, NULL, NULL, NULL, NULL, 3),
('23bfee61-ff9d-4861-993a-f94c5abadd06', NULL, NULL, '4x4', NULL, NULL, NULL, NULL, NULL, 3),
('23c73397-3527-42b4-9269-29572216b293', NULL, NULL, '4x4', NULL, NULL, NULL, NULL, NULL, 4),
('2439a23a-f1c8-499d-86ff-03c1ef5658f7', NULL, NULL, '4x4', NULL, NULL, NULL, NULL, NULL, 3),
('248d31e4-88fb-4387-880b-1ff512c0d584', NULL, NULL, '4x4', NULL, NULL, NULL, NULL, NULL, 3),
('248e55fb-40df-48bb-b50a-ae8e0fb7ecc1', NULL, NULL, '4x4', NULL, NULL, NULL, NULL, NULL, 3),
('24ace68a-931a-4be0-862f-d610beaae910', NULL, NULL, '4x4', NULL, NULL, NULL, NULL, NULL, 3),
('24af44fd-fd53-496b-ad91-60710b44540c', NULL, NULL, '4x4', NULL, NULL, NULL, NULL, NULL, 4),
('24bf9a64-5d6d-4d8a-865e-c9629f7c89c6', NULL, NULL, '4x4', NULL, NULL, NULL, NULL, NULL, NULL),
('24ed4fb5-aced-49b9-a72a-199ccf38f991', NULL, NULL, '4x4', NULL, NULL, NULL, NULL, NULL, 4),
('2565c468-d68b-46d9-89af-78e4309e0559', NULL, NULL, '4x4', NULL, NULL, NULL, NULL, NULL, 3),
('2673369e-1d7e-4a1a-a029-36e8f1a61100', NULL, NULL, '4x4', NULL, NULL, NULL, NULL, NULL, NULL),
('27cb61dc-94d5-4ab8-8d77-83b17f8aa4aa', NULL, NULL, '4x4', NULL, NULL, NULL, NULL, NULL, NULL),
('280a00a8-750a-499e-8813-e640abe902a0', NULL, NULL, '4x4', NULL, NULL, NULL, NULL, NULL, NULL),
('281c4bc1-c61c-482e-b119-4beed5409b4b', NULL, NULL, '4x4', NULL, NULL, NULL, NULL, NULL, NULL),
('299603d0-fbf9-4e04-b008-2b4bfb43e881', NULL, NULL, '4x4', NULL, NULL, NULL, NULL, NULL, 4),
('2b0dd5f9-042a-4a5c-9eb1-802560417527', NULL, NULL, '4x4', NULL, NULL, NULL, NULL, NULL, 3),
('2b8f67d5-335a-4ee8-81eb-f1d274a3e1fe', NULL, NULL, '4x4', NULL, NULL, NULL, NULL, NULL, 4),
('2cda83cd-8511-4ead-bc29-c69c590711a1', NULL, NULL, '4x4', NULL, NULL, NULL, NULL, NULL, 3),
('2ce97c7a-2e1f-48bc-8467-c1f6d958095c', NULL, NULL, '4x4', NULL, NULL, NULL, NULL, NULL, 3),
('2cee9bd3-5920-47a4-b8d9-3a9466cdb714', NULL, NULL, '4x4', NULL, NULL, NULL, NULL, NULL, NULL),
('2f06feaab45657ac5ff9b8c1945f628a', '1', '4', '4x4', '[[\"P\",\"O\",\"I\",\"O\"],[\"I\",\"T\",\"G\",\"E\"],[\"E\",\"A\",\"E\",\"U\"],[\"E\",\"U\",\"U\",\"E\"]]', NULL, '2023-01-25 21:43:03', '2023-01-25 21:46:31', NULL, NULL),
('2f6a1205-7030-4ca5-a5ae-4a5808bbca2a', NULL, NULL, '4x4', NULL, NULL, NULL, NULL, NULL, 3),
('2fda6ac1-20fa-404f-b03d-5515c1edffdd', NULL, NULL, '4x4', NULL, NULL, NULL, NULL, NULL, 3),
('303618a9-6968-473b-af10-26956993337a', NULL, NULL, '4x4', NULL, NULL, NULL, NULL, NULL, 3),
('3062e435-3535-49ec-a197-44ca6193baf8', NULL, NULL, '4x4', NULL, NULL, NULL, NULL, NULL, 4),
('3384f5b0-aca2-480b-8c91-c273cdb583c3', NULL, NULL, '4x4', NULL, NULL, NULL, NULL, NULL, 3),
('3416e6c7-d3a7-467b-a70c-0abf6e2bc237', NULL, NULL, '4x4', NULL, NULL, NULL, NULL, NULL, 3),
('34489944aea10854268db0b4036459aa', '1', '3', '4x4', '[[\"T\",\"E\",\"T\",\"R\"],[\"D\",\"A\",\"F\",\"F\"],[\"I\",\"E\",\"I\",\"N\"],[\"S\",\"V\",\"S\",\"S\"]]', NULL, '2023-01-31 13:10:10', '2023-01-31 13:10:34', NULL, NULL),
('34bed758-24ac-4b8d-b544-8d0f1ad5bd59', NULL, NULL, '4x4', NULL, NULL, NULL, NULL, NULL, NULL),
('3557c946-c61f-4033-a197-2f481bde10f2', NULL, NULL, '4x4', NULL, NULL, NULL, NULL, NULL, NULL),
('35cf4d40-1284-4fd1-9d6c-b6f30470b7f2', NULL, NULL, '4x4', NULL, NULL, NULL, NULL, NULL, 4),
('35f57db1-cba0-40b8-bf60-1077c2fd26a7', NULL, NULL, '4x4', NULL, NULL, NULL, NULL, NULL, 3),
('361fb7a4-a224-42f9-a98c-bd4f06dd4f01', NULL, NULL, '4x4', NULL, NULL, NULL, NULL, NULL, 3),
('368b5b00-78de-41ac-b45b-0d0a0ccc929a', NULL, NULL, '4x4', NULL, NULL, NULL, NULL, NULL, NULL),
('36beff82-7b14-445c-92de-2ebf4ed3ef5e', NULL, NULL, '4x4', NULL, NULL, NULL, NULL, NULL, 4),
('36f279ea-cd20-473d-929b-af629d9c4e98', NULL, NULL, '4x4', NULL, NULL, NULL, NULL, NULL, 3),
('36f8d219-bd0b-418b-8c67-ecb544fd8e2f', NULL, NULL, '4x4', NULL, NULL, NULL, NULL, NULL, 4),
('375a6714-a469-40ea-a01e-8604b1be89c6', NULL, NULL, '4x4', NULL, NULL, NULL, NULL, NULL, 3),
('386912cf-d130-47f0-9183-53f4fb149f8d', NULL, NULL, '4x4', NULL, NULL, NULL, NULL, NULL, NULL),
('389c8611-6db0-4517-8cd5-9d575ef0c8ce', NULL, NULL, '4x4', NULL, NULL, NULL, NULL, NULL, NULL),
('38e01dba-e309-42dc-86fc-5bf128f90c12', NULL, NULL, '4x4', NULL, NULL, NULL, NULL, NULL, 3),
('393168b0-7a8e-4d58-8e3e-37b30f8fa74c', NULL, NULL, '4x4', NULL, NULL, NULL, NULL, NULL, 3),
('399df7dd-a078-4b40-9fbb-f925566dba25', NULL, NULL, '4x4', NULL, NULL, NULL, NULL, NULL, 4),
('3ac5a22a-8a10-481c-8ebc-3326b3df0908', NULL, NULL, '4x4', NULL, NULL, NULL, NULL, NULL, NULL),
('3b7e2885-ed30-4fd8-9dfa-f1f44efc1124', NULL, NULL, '4x4', NULL, NULL, NULL, NULL, NULL, 3),
('3bdce7c3-4b54-4f21-985d-844dcc095194', NULL, NULL, '4x4', NULL, NULL, NULL, NULL, NULL, NULL),
('3bece673-d84a-4d82-a46f-ec7ad4dbb6b0', NULL, NULL, '4x4', NULL, NULL, NULL, NULL, NULL, NULL),
('3c200322-d7b3-415d-87ca-abc23b5af8ee', NULL, NULL, '4x4', NULL, NULL, NULL, NULL, NULL, NULL),
('3cb54d80-8c98-46f7-a3c7-078e08d2d7f0', NULL, NULL, '4x4', NULL, NULL, NULL, NULL, NULL, 4),
('3cffd20e-84b3-4d32-8f9a-b40521014885', NULL, NULL, '4x4', NULL, NULL, NULL, NULL, NULL, NULL),
('3dd50007-8fff-4f08-8f8a-b950e0a32db6', NULL, NULL, '4x4', NULL, NULL, NULL, NULL, NULL, 3),
('3e08972e-326b-4df9-b2b8-5f56c68f33bf', NULL, NULL, '4x4', NULL, NULL, NULL, NULL, NULL, 4),
('3e76cadb-4d44-4077-8924-aef4f7f8f8af', NULL, NULL, '4x4', NULL, NULL, NULL, NULL, NULL, NULL),
('3e924ae8-2153-41cf-89c7-c1ffd4f38df6', NULL, NULL, '4x4', NULL, NULL, NULL, NULL, NULL, 4),
('3e963f67-1775-4b22-b57e-b125fbd1b4f6', NULL, NULL, '4x4', NULL, NULL, NULL, NULL, NULL, 4),
('3f37126e-7927-4be6-b69d-b9cd0395ec40', NULL, NULL, '4x4', NULL, NULL, NULL, NULL, NULL, NULL),
('400ae4db-9eef-46dd-9b60-807eb56e5f05', NULL, NULL, '4x4', NULL, NULL, NULL, NULL, NULL, 4),
('402992d8-9527-4526-a7f2-05837bb02bf2', NULL, NULL, '4x4', NULL, NULL, NULL, NULL, NULL, 4),
('4043789e-d4ce-420c-a5cd-c305b05ac161', NULL, NULL, '4x4', NULL, NULL, NULL, NULL, NULL, 4),
('40748d5d-1eaa-49fb-a1c2-f2d0d1b4834a', NULL, NULL, '4x4', NULL, NULL, NULL, NULL, NULL, NULL),
('407ec76d-1bb9-424c-9354-8cc68493124a', NULL, NULL, '4x4', NULL, NULL, NULL, NULL, NULL, NULL),
('415543ae-b74b-43fe-a693-be0246d5ebe8', NULL, NULL, '4x4', NULL, NULL, NULL, NULL, NULL, 4),
('4209a1ff-5daa-42b1-9113-d37c85c3dcc6', NULL, NULL, '4x4', NULL, NULL, NULL, NULL, NULL, 3),
('424cf35f417a6478842e1fb49ce497eb', '1', '3', '4x4', '[[\"N\",\"N\",\"P\",\"O\"],[\"U\",\"D\",\"A\",\"N\"],[\"A\",\"P\",\"M\",\"O\"],[\"S\",\"F\",\"F\",\"N\"]]', NULL, '2023-01-25 20:18:43', '2023-01-25 20:18:58', NULL, NULL),
('43012d611131ed486fd75f4033670400', '1', '3', '4x4', '[[\"E\",\"D\",\"V\",\"E\"],[\"I\",\"I\",\"M\",\"S\"],[\"E\",\"P\",\"T\",\"L\"],[\"D\",\"S\",\"P\",\"U\"]]', NULL, '2023-01-26 19:50:28', '2023-01-26 19:56:48', NULL, NULL),
('430c1ab2244efad841dced15c68086be', '1', '3', '4x4', '[[\"E\",\"M\",\"N\",\"N\"],[\"T\",\"I\",\"QU\",\"D\"],[\"I\",\"L\",\"L\",\"L\"],[\"C\",\"P\",\"E\",\"E\"]]', NULL, '2023-01-27 11:31:51', '2023-01-27 11:57:47', NULL, NULL),
('43369e1a-505b-43e7-9db5-a69409726a7b', NULL, NULL, '4x4', NULL, NULL, NULL, NULL, NULL, 3),
('4393e329-89de-4c12-90ac-cbb07ef38c46', NULL, NULL, '4x4', NULL, NULL, NULL, NULL, NULL, 3),
('4406ba49-70a6-4452-8094-b6d9b47fb71e', NULL, NULL, '4x4', NULL, NULL, NULL, NULL, NULL, NULL),
('444d26a0-0bbc-40aa-9af7-9420bc72ecf3', NULL, NULL, '4x4', NULL, NULL, NULL, NULL, NULL, 3),
('45421d17-dd29-4a69-8ba3-0aca7b97306b', NULL, NULL, '4x4', NULL, NULL, NULL, NULL, NULL, 4),
('4549b405-14ac-4c17-a183-bef1e388dcf5', NULL, NULL, '4x4', NULL, NULL, NULL, NULL, NULL, 3),
('4569f780-f646-41fc-b3ae-16a5ef34c6a3', NULL, NULL, '4x4', NULL, NULL, NULL, NULL, NULL, 4),
('45af6a1d-aa0e-4458-84a2-c1d032df916b', NULL, NULL, '4x4', NULL, NULL, NULL, NULL, NULL, NULL),
('45e3f8ba-0d88-4025-b3db-f022762d07d6', NULL, NULL, '4x4', NULL, NULL, NULL, NULL, NULL, 3),
('471b2e42-de5a-4fc5-b955-5d57e2e40aa6', NULL, NULL, '4x4', NULL, NULL, NULL, NULL, NULL, 3),
('47a1eee1-fd46-462f-adbc-be3030220a39', NULL, NULL, '4x4', NULL, NULL, NULL, NULL, NULL, 3),
('47d1f703-ea02-4c1f-a014-37a000c087ee', NULL, NULL, '4x4', NULL, NULL, NULL, NULL, NULL, 4),
('49a3d128-bd37-461a-8abe-980009782e9e', NULL, NULL, '4x4', NULL, NULL, NULL, NULL, NULL, 3),
('49f8eb0e-5c7b-49c1-bc84-7fab96f64739', NULL, NULL, '4x4', NULL, NULL, NULL, NULL, NULL, 4),
('4a0813e6-bd44-4d30-8c0e-bd70bc833dea', NULL, NULL, '4x4', NULL, NULL, NULL, NULL, NULL, 4),
('4a4e9cf5-9bd1-4515-95c9-e4b082155e42', NULL, NULL, '4x4', NULL, NULL, NULL, NULL, NULL, 4),
('4c3118ea-1c2c-44c7-8720-0436c53f2b88', NULL, NULL, '4x4', NULL, NULL, NULL, NULL, NULL, 4),
('4d5935ab-a502-41bd-bb86-e49df2b10ff0', NULL, NULL, '4x4', NULL, NULL, NULL, NULL, NULL, 3),
('4d690785-5abf-4d09-b604-9ab23504a536', NULL, NULL, '4x4', NULL, NULL, NULL, NULL, NULL, 3),
('4d948df6-e5dd-4b61-9207-8116343abf69', NULL, NULL, '4x4', NULL, NULL, NULL, NULL, NULL, 4),
('4da40bfb-df5b-4dc8-b356-3196d1d7b345', NULL, NULL, '4x4', NULL, NULL, NULL, NULL, NULL, 3),
('4e54d268-9c95-4fc6-949e-9b3437a72381', NULL, NULL, '4x4', NULL, NULL, NULL, NULL, NULL, NULL),
('4eb0bc17-9d98-441c-a0a1-15f2cccc8c50', NULL, NULL, '4x4', NULL, NULL, NULL, NULL, NULL, 4),
('4f91dc4c-84ea-4966-97f8-e4ccaff9157d', NULL, NULL, '4x4', NULL, NULL, NULL, NULL, NULL, 4),
('4fdee7ea-c394-41d6-9284-f3470f348ac8', NULL, NULL, '4x4', NULL, NULL, NULL, NULL, NULL, 3),
('4fe7f85f-aa92-41ae-a0db-a6223e60cd3f', NULL, NULL, '4x4', NULL, NULL, NULL, NULL, NULL, 4),
('50694a69-82f2-4046-99fa-52c8ff2b1fd6', NULL, NULL, '4x4', NULL, NULL, NULL, NULL, NULL, 3),
('5072e19c-65c1-40a0-b5e9-ffe0469759fc', NULL, NULL, '4x4', NULL, NULL, NULL, NULL, NULL, 3),
('509a8d6d-2ce9-4edf-bc0a-21a30d31b2b2', NULL, NULL, '4x4', NULL, NULL, NULL, NULL, NULL, NULL),
('50e2300a-8c77-4f37-9adc-f80415814ae6', NULL, NULL, '4x4', NULL, NULL, NULL, NULL, NULL, NULL),
('515eb443-6964-47a0-840c-eb58ee37a7f1', NULL, NULL, '4x4', NULL, NULL, NULL, NULL, NULL, 3),
('52371ac0-e9f1-40f1-8072-617067f6db30', NULL, NULL, '4x4', NULL, NULL, NULL, NULL, NULL, NULL),
('53127908-f738-4560-b0e6-1e542afc3d7a', NULL, NULL, '4x4', NULL, NULL, NULL, NULL, NULL, NULL),
('532cd173-826f-4559-afed-298c67d706c7', NULL, NULL, '4x4', NULL, NULL, NULL, NULL, NULL, NULL),
('532fdbc7-ded4-4138-bb30-f7f8351edcac', NULL, NULL, '4x4', NULL, NULL, NULL, NULL, NULL, NULL),
('535c5cae-64d1-4eba-b919-36c5a0566b2f', NULL, NULL, '4x4', NULL, NULL, NULL, NULL, NULL, 3),
('5475a24d-ea87-4bac-8bd5-affbb21c0f9d', NULL, NULL, '4x4', NULL, NULL, NULL, NULL, NULL, NULL),
('54cc2ed7-6424-432d-a821-bc49b1729461', NULL, NULL, '4x4', NULL, NULL, NULL, NULL, NULL, 4),
('54e3c6f1-b963-454e-a60e-4db419f52ce7', NULL, NULL, '4x4', NULL, NULL, NULL, NULL, NULL, 3),
('54ea2ee5-48dd-4496-90b5-a64b69a820d3', NULL, NULL, '4x4', NULL, NULL, NULL, NULL, NULL, 3),
('54f10b753116b9ed594d44822308e037', '1', '4', '4x4', '[[\"S\",\"R\",\"T\",\"A\"],[\"S\",\"P\",\"QU\",\"G\"],[\"D\",\"U\",\"A\",\"H\"],[\"R\",\"N\",\"R\",\"R\"]]', NULL, '2023-01-25 21:31:49', '2023-01-25 21:34:46', NULL, NULL),
('55e98c63-1a6d-4706-8262-0a3a09a5c487', NULL, NULL, '4x4', NULL, NULL, NULL, NULL, NULL, NULL),
('5651646a-bfa9-45a5-8ca8-79b8401b08f6', NULL, NULL, '4x4', NULL, NULL, NULL, NULL, NULL, NULL),
('5676b0bd-cdb7-4059-81dc-52e40e82daf6', NULL, NULL, '4x4', NULL, NULL, NULL, NULL, NULL, 4),
('5690c5fb-dbd7-4676-bbdd-0944d5673dbf', NULL, NULL, '4x4', NULL, NULL, NULL, NULL, NULL, NULL),
('56c0a074-9bf0-4a3b-984c-970d94f67882', NULL, NULL, '4x4', NULL, NULL, NULL, NULL, NULL, 4),
('57147da1-b5bb-4515-8a2a-9c0b40307d99', NULL, NULL, '4x4', NULL, NULL, NULL, NULL, NULL, NULL),
('575234e5-8a4d-4002-a05b-826eb63a3546', NULL, NULL, '4x4', NULL, NULL, NULL, NULL, NULL, NULL),
('5787694e-68d1-497d-8dfe-073b32cdb0d3', NULL, NULL, '4x4', NULL, NULL, NULL, NULL, NULL, NULL),
('587bd952-0449-4b09-8e88-b2a23fb3a8b6', NULL, NULL, '4x4', NULL, NULL, NULL, NULL, NULL, NULL),
('58f65d0f-d39b-457a-a778-9c142352080a', NULL, NULL, '4x4', NULL, NULL, NULL, NULL, NULL, 3),
('59b04536-b7e0-4b30-8a22-f64cd97921c0', NULL, NULL, '4x4', NULL, NULL, NULL, NULL, NULL, 3),
('59b369d1-783c-4543-9eaa-14de40ab2861', NULL, NULL, '4x4', NULL, NULL, NULL, NULL, NULL, 4),
('59e3cc73-f1e9-46e1-ae3a-31c64dbd3650', NULL, NULL, '4x4', NULL, NULL, NULL, NULL, NULL, 3),
('5aa46937-9f71-48f1-9465-39aaab848bd3', NULL, NULL, '4x4', NULL, NULL, NULL, NULL, NULL, 3),
('5b0b7bf5-5130-4685-9644-7654fbffac09', NULL, NULL, '4x4', NULL, NULL, NULL, NULL, NULL, NULL),
('5bc0c394-1e5f-4cd3-b00c-14aa30d658d3', NULL, NULL, '4x4', NULL, NULL, NULL, NULL, NULL, 4),
('5c820937-8e9a-4cd0-be0b-1fa64861aa1b', NULL, NULL, '4x4', NULL, NULL, NULL, NULL, NULL, 3),
('5d1fa6e3-6877-4a3b-b404-547f356f4791', NULL, NULL, '4x4', NULL, NULL, NULL, NULL, NULL, 4),
('5ddd3b55-3cef-4685-9190-b13621c9a68e', NULL, NULL, '4x4', NULL, NULL, NULL, NULL, NULL, 4),
('5df0706a-ac4e-40bd-8847-d27e2c0fb172', NULL, NULL, '4x4', NULL, NULL, NULL, NULL, NULL, 4),
('5df32dfc-0f03-4d72-ace8-8c3dd8070e63', NULL, NULL, '4x4', NULL, NULL, NULL, NULL, NULL, 3),
('5e5df9c2-6822-4525-b104-7e0807b4e94a', NULL, NULL, '4x4', NULL, NULL, NULL, NULL, NULL, 3),
('5eb15e5c-933b-4ed3-9dc7-d8c592a2177e', NULL, NULL, '4x4', NULL, NULL, NULL, NULL, NULL, 4),
('5ebe8835-bef9-40a1-83fc-386f9b83e5d0', NULL, NULL, '4x4', NULL, NULL, NULL, NULL, NULL, NULL),
('5f0b7894-6fac-447f-ba58-f857b4c8864b', NULL, NULL, '4x4', NULL, NULL, NULL, NULL, NULL, 3),
('5fea996b-0ee2-4f83-bd3f-19f853962e79', NULL, NULL, '4x4', NULL, NULL, NULL, NULL, NULL, 4),
('6085ac35-916f-46ab-92de-c7995af13874', NULL, NULL, '4x4', NULL, NULL, NULL, NULL, NULL, 4),
('60b1ca80-4fc0-4b20-90c0-be0ed0938b00', NULL, NULL, '4x4', NULL, NULL, NULL, NULL, NULL, 3),
('61258dcf-9768-4000-a591-2466be2e28f5', NULL, NULL, '4x4', NULL, NULL, NULL, NULL, NULL, 4),
('634eeb54-2e2a-4cde-8c47-ce3298e192b7', NULL, NULL, '4x4', NULL, NULL, NULL, NULL, NULL, NULL),
('63702884-47be-45aa-ae44-452c7d58f88c', NULL, NULL, '4x4', NULL, NULL, NULL, NULL, NULL, NULL),
('63921d17-8e9c-4fa0-85b8-8caa0f2fd1d1', NULL, NULL, '4x4', NULL, NULL, NULL, NULL, NULL, 4),
('63bbaaa1-f29c-4d01-b669-89390a91b919', NULL, NULL, '4x4', NULL, NULL, NULL, NULL, NULL, NULL),
('64f2f545-21c1-4691-86e7-9c02b1655664', NULL, NULL, '4x4', NULL, NULL, NULL, NULL, NULL, 3),
('650e93c2-546d-40f3-b764-e12529e9520e', NULL, NULL, '4x4', NULL, NULL, NULL, NULL, NULL, 3),
('659adf94-70ae-48d0-b712-20a228eda4be', NULL, NULL, '4x4', NULL, NULL, NULL, NULL, NULL, 4),
('66032111-9230-4766-ae14-63130190e0a9', NULL, NULL, '4x4', NULL, NULL, NULL, NULL, NULL, 3),
('673d1528-3a20-4155-a197-964e2c34f2a4', NULL, NULL, '4x4', NULL, NULL, NULL, NULL, NULL, NULL),
('678bf57b-1421-41bf-abfd-201c738756bb', NULL, NULL, '4x4', NULL, NULL, NULL, NULL, NULL, 3),
('68e150db-4ca7-485b-80ff-46fe90edd1b3', NULL, NULL, '4x4', NULL, NULL, NULL, NULL, NULL, NULL),
('69ca7974-e9f2-4af9-8e47-614e42d46965', NULL, NULL, '4x4', NULL, NULL, NULL, NULL, NULL, 3),
('69d6896b-b3d2-4305-ae1b-5d5aee7e5bca', NULL, NULL, '4x4', NULL, NULL, NULL, NULL, NULL, 3),
('6a136dfd-4efc-417a-b279-d85d17e8e157', NULL, NULL, '4x4', NULL, NULL, NULL, NULL, NULL, 4),
('6a190f19-ff4e-4edc-90f9-fce2dcfabb26', NULL, NULL, '4x4', NULL, NULL, NULL, NULL, NULL, 4),
('6a57aa90-ed7d-47d7-a86c-c0ad9f4dbe00', NULL, NULL, '4x4', NULL, NULL, NULL, NULL, NULL, 3),
('6a612124-4842-46de-938a-b48307931621', NULL, NULL, '4x4', NULL, NULL, NULL, NULL, NULL, 4),
('6b944300-576c-485e-a824-7eea169612a7', NULL, NULL, '4x4', NULL, NULL, NULL, NULL, NULL, 3),
('6d348d02-c13c-4297-ba5b-9c22f1d8c036', NULL, NULL, '4x4', NULL, NULL, NULL, NULL, NULL, 3),
('6d81a3ea-49c6-4b5d-976e-f9dfbbba9b49', NULL, NULL, '4x4', NULL, NULL, NULL, NULL, NULL, 3),
('6dc19902-d536-4df6-8c98-6b302233d043', NULL, NULL, '4x4', NULL, NULL, NULL, NULL, NULL, 3),
('6ebbdd52-04ac-4c48-a0ba-56550a7f2cc5', NULL, NULL, '4x4', NULL, NULL, NULL, NULL, NULL, 3),
('6f487018-cbb8-40d4-9a3b-002d98e5adde', NULL, NULL, '4x4', NULL, NULL, NULL, NULL, NULL, 4),
('6f71fac9-d2c3-45d8-bbb8-0762f1c8c22f', NULL, NULL, '4x4', NULL, NULL, NULL, NULL, NULL, 4),
('6f8a46a4-6102-4bca-b1ba-9002add5d13a', NULL, NULL, '4x4', NULL, NULL, NULL, NULL, NULL, 3),
('6fa24f022c6d2f565b041241e9696d02', '1', '3', '4x4', '[[\"E\",\"D\",\"V\",\"E\"],[\"I\",\"I\",\"M\",\"S\"],[\"E\",\"P\",\"T\",\"L\"],[\"D\",\"S\",\"P\",\"U\"]]', NULL, '2023-01-26 19:50:28', '2023-01-26 19:56:47', NULL, NULL),
('71556196-4682-4278-88fe-e3515173dc96', NULL, NULL, '4x4', NULL, NULL, NULL, NULL, NULL, 4),
('71d66c04-6c44-4416-afef-90a2285527f5', NULL, NULL, '4x4', NULL, NULL, NULL, NULL, NULL, 4),
('71ed5411-8f66-4161-b41f-9968474b6aa1', NULL, NULL, '4x4', NULL, NULL, NULL, NULL, NULL, 3),
('7354dcaf2696938a902f3c6811819ebe', '1', '3', '4x4', '[[\"E\",\"D\",\"V\",\"E\"],[\"I\",\"I\",\"M\",\"S\"],[\"E\",\"P\",\"T\",\"L\"],[\"D\",\"S\",\"P\",\"U\"]]', NULL, '2023-01-26 19:50:28', '2023-01-26 19:56:47', NULL, NULL),
('74869e72-adbe-453e-b1b0-05924b9dd784', NULL, NULL, '4x4', NULL, NULL, NULL, NULL, NULL, 3),
('74b57541-a35d-423d-a1b5-748d729c2465', NULL, NULL, '4x4', NULL, NULL, NULL, NULL, NULL, 4),
('74f77756-f6b0-4654-bf25-7661d134dcb7', NULL, NULL, '4x4', NULL, NULL, NULL, NULL, NULL, 3),
('7560e061-f133-4556-b39e-8c5524aec284', NULL, NULL, '4x4', NULL, NULL, NULL, NULL, NULL, 4),
('757acdb2-7f1f-460b-a0c9-1789e9f75c00', NULL, NULL, '4x4', NULL, NULL, NULL, NULL, NULL, NULL),
('75b2edb7-b228-478e-b2ff-71cf0ec210ef', NULL, NULL, '4x4', NULL, NULL, NULL, NULL, NULL, NULL),
('762661d9-aa2b-4207-899e-364f47c22d65', NULL, NULL, '4x4', NULL, NULL, NULL, NULL, NULL, 4),
('76427488-aa89-4a11-9b7c-36a00ce73ca8', NULL, NULL, '4x4', NULL, NULL, NULL, NULL, NULL, NULL),
('765700c3-32d2-4057-9996-597495a31a02', NULL, NULL, '4x4', NULL, NULL, NULL, NULL, NULL, NULL),
('76c83de9-3e0f-430b-877c-11af57ac1201', NULL, NULL, '4x4', NULL, NULL, NULL, NULL, NULL, 3),
('77107d86-a0da-45a0-bb63-8b77dde92af8', NULL, NULL, '4x4', NULL, NULL, NULL, NULL, NULL, 4),
('77f993cd-d0a5-4ee8-8445-54fb01c57c95', NULL, NULL, '4x4', NULL, NULL, NULL, NULL, NULL, NULL),
('78313345-23b5-410e-813c-8e4daf06f662', NULL, NULL, '4x4', NULL, NULL, NULL, NULL, NULL, 3),
('7849d72a-766b-496f-b0b8-cdc06c575305', NULL, NULL, '4x4', NULL, NULL, NULL, NULL, NULL, NULL),
('78b6e5a1-267d-4eea-b838-0a3c85a19d15', NULL, NULL, '4x4', NULL, NULL, NULL, NULL, NULL, 3),
('79fb0fe2-730e-41c7-ba3a-4b3f382dafa3', NULL, NULL, '4x4', NULL, NULL, NULL, NULL, NULL, NULL),
('7a0dada7-1a74-4689-b129-e34efc764215', NULL, NULL, '4x4', NULL, NULL, NULL, NULL, NULL, 4),
('7a52e207-628f-418f-b3d0-985f950b1c4f', NULL, NULL, '4x4', NULL, NULL, NULL, NULL, NULL, 4),
('7aeea769-7cbb-4565-ac09-7590f98dcfad', NULL, NULL, '4x4', NULL, NULL, NULL, NULL, NULL, 3),
('7d52149d-d097-4c5b-bb67-8fe012c353b6', NULL, NULL, '4x4', NULL, NULL, NULL, NULL, NULL, 3),
('7f8a2908-99a7-4155-b22d-d86cd9d01b85', NULL, NULL, '4x4', NULL, NULL, NULL, NULL, NULL, 4),
('80e912e8-6a93-4893-a7a6-f984ab709724', NULL, NULL, '4x4', NULL, NULL, NULL, NULL, NULL, 4),
('815c4b7b-68ee-421a-b47c-1cf932ed8442', NULL, NULL, '4x4', NULL, NULL, NULL, NULL, NULL, 4),
('81a3cd74-8b48-4fa2-89e4-529997ef6ec5', NULL, NULL, '4x4', NULL, NULL, NULL, NULL, NULL, 3),
('81d54557-b738-4905-b518-158c7b335542', NULL, NULL, '4x4', NULL, NULL, NULL, NULL, NULL, 3),
('81e640b5-1f8a-49de-8ee9-c8c82212fd2d', NULL, NULL, '4x4', NULL, NULL, NULL, NULL, NULL, NULL),
('82187c0c8e3022ab539a204aaf84701a', '1', '3', '4x6', '[[\"S\",\"R\",\"P\",\"N\",\"E\",\"G\"],[\"J\",\"F\",\"E\",\"U\",\"R\",\"I\"],[\"W\",\"E\",\"L\",\"M\",\"U\",\"O\"],[\"N\",\"I\",\"E\",\"R\",\"V\",\"A\"]]', NULL, '2023-01-25 20:54:33', '2023-01-25 20:56:44', NULL, NULL),
('8319b8cf-651e-412f-ac4c-9ee417f89e9f', NULL, NULL, '4x4', NULL, NULL, NULL, NULL, NULL, 3),
('835d0496-530b-4da3-977e-d4938d231958', NULL, NULL, '4x4', NULL, NULL, NULL, NULL, NULL, 4),
('838323eb-8f3d-4101-ab53-e08c39186d9e', NULL, NULL, '4x4', NULL, NULL, NULL, NULL, NULL, 3),
('83b90870-69d8-46ed-9615-37436f98ab10', NULL, NULL, '4x4', NULL, NULL, NULL, NULL, NULL, 3),
('83e673ba-f39f-474a-8d21-da63bed37853', NULL, NULL, '4x4', NULL, NULL, NULL, NULL, NULL, 3),
('83fb5ea7-db1c-4429-9586-6b09485365f0', NULL, NULL, '4x4', NULL, NULL, NULL, NULL, NULL, NULL),
('841439c4-7905-4300-9213-bbc28c7b510f', NULL, NULL, '4x4', NULL, NULL, NULL, NULL, NULL, 3),
('841da722-0edf-4f47-8ae9-05c10fc43f18', NULL, NULL, '4x4', NULL, NULL, NULL, NULL, NULL, 3),
('84760947-c2bb-4593-9600-b17b3be1f86e', NULL, NULL, '4x4', NULL, NULL, NULL, NULL, NULL, 3),
('84c57fd5-d3a7-4e43-8bb6-399480cf464a', NULL, NULL, '4x4', NULL, NULL, NULL, NULL, NULL, 4),
('85108149-78d8-4ddd-ae96-0f616bcf9aa7', NULL, NULL, '4x4', NULL, NULL, NULL, NULL, NULL, 4),
('858cee10-cfab-4b65-be18-b04d8883cea8', NULL, NULL, '4x4', NULL, NULL, NULL, NULL, NULL, 3),
('85f4ddbe-02d9-415e-ae60-b89e7af34088', NULL, NULL, '4x4', NULL, NULL, NULL, NULL, NULL, 4),
('861c34ba-4bbe-45a6-92e6-a921c55040f0', NULL, NULL, '4x4', NULL, NULL, NULL, NULL, NULL, 3),
('86fedc9c-b7e8-4d65-89d0-1176f6b20efa', NULL, NULL, '4x4', NULL, NULL, NULL, NULL, NULL, NULL),
('8704df88-4490-4f11-afe5-29e5639d222b', NULL, NULL, '4x4', NULL, NULL, NULL, NULL, NULL, NULL),
('878b8651-114a-489c-9ffa-6bbf8cbe5fff', NULL, NULL, '4x4', NULL, NULL, NULL, NULL, NULL, 3),
('87ba1b76-158d-4a86-ad1b-eda76d001e94', NULL, NULL, '4x4', NULL, NULL, NULL, NULL, NULL, 3),
('882286a5-2a12-4fa1-a246-664f15c7df19', NULL, NULL, '4x4', NULL, NULL, NULL, NULL, NULL, NULL),
('88749ea2-eb7e-47a7-8619-0d35e5645422', NULL, NULL, '4x4', NULL, NULL, NULL, NULL, NULL, 4),
('887de295-b9f6-4716-8cb2-267973d449b7', NULL, NULL, '4x4', NULL, NULL, NULL, NULL, NULL, NULL),
('888c42ee-37ff-4290-9b7f-b4de3d09652a', NULL, NULL, '4x4', NULL, NULL, NULL, NULL, NULL, 3),
('88b07680-7a0a-401d-ab6c-561cac700bea', NULL, NULL, '4x4', NULL, NULL, NULL, NULL, NULL, 3),
('88e13615-c4e3-47c0-8d81-573a777d8959', NULL, NULL, '4x4', NULL, NULL, NULL, NULL, NULL, 4),
('88fb5f5d-f4dd-4375-8ef7-cd844349f730', NULL, NULL, '4x4', NULL, NULL, NULL, NULL, NULL, 3),
('89e4d300-8dfc-45ca-9ab0-2f7f30d47907', NULL, NULL, '4x4', NULL, NULL, NULL, NULL, NULL, 4),
('8a146646-8be4-4dd1-bdd7-76198909d4d2', NULL, NULL, '4x4', NULL, NULL, NULL, NULL, NULL, 3),
('8a27ee08-cdc4-412a-8b4d-45eece465177', NULL, NULL, '4x4', NULL, NULL, NULL, NULL, NULL, NULL),
('8a6769f3-d585-4c62-acf5-a447cf982012', NULL, NULL, '4x4', NULL, NULL, NULL, NULL, NULL, 3),
('8a86c48d-6a4a-4525-aee0-5d683d5b3f79', NULL, NULL, '4x4', NULL, NULL, NULL, NULL, NULL, NULL),
('8a8ccbe6-cf63-4298-a9a8-8514588e6db3', NULL, NULL, '4x4', NULL, NULL, NULL, NULL, NULL, 3),
('8b11c65d-5496-4a75-a871-10ada390c406', NULL, NULL, '4x4', NULL, NULL, NULL, NULL, NULL, 4),
('8b627fff-ed8d-4d30-9590-6857ba1cb974', NULL, NULL, '4x4', NULL, NULL, NULL, NULL, NULL, 4),
('8c55bec1-a582-4a39-85cb-3249ee3ae966', NULL, NULL, '4x4', NULL, NULL, NULL, NULL, NULL, NULL),
('8d6209ac-f030-4025-a4a0-d22539499d69', NULL, NULL, '4x4', NULL, NULL, NULL, NULL, NULL, 3),
('8d95daa9-12cc-4202-b7c5-b28fb2a6cdce', NULL, NULL, '4x4', NULL, NULL, NULL, NULL, NULL, 3),
('8e83facf-fd53-4a3a-9e0b-3e83130eeb8a', NULL, NULL, '4x4', NULL, NULL, NULL, NULL, NULL, 3),
('8e96e13b-687b-4424-bf84-f91736b9036d', NULL, NULL, '4x4', NULL, NULL, NULL, NULL, NULL, 4),
('8eca8f06-3b6a-418f-9b62-2a00249976e3', NULL, NULL, '4x4', NULL, NULL, NULL, NULL, NULL, 3),
('8eeacfc0-ef4d-4104-814c-044fc928300a', NULL, NULL, '4x4', NULL, NULL, NULL, NULL, NULL, 4),
('8f12c035-763e-497e-be4c-b60415455d1e', NULL, NULL, '4x4', NULL, NULL, NULL, NULL, NULL, 4),
('8f609773-3ffe-49b9-ace1-7b56f7f922f8', NULL, NULL, '4x4', NULL, NULL, NULL, NULL, NULL, 3),
('8f7301f8-236b-4110-a97d-964dd267a96b', NULL, NULL, '4x4', NULL, NULL, NULL, NULL, NULL, 4),
('90495f75-1ce8-44d4-87f5-aeba65b2498d', NULL, NULL, '4x4', NULL, NULL, NULL, NULL, NULL, 3),
('906e0e59-e12a-4a77-b302-423a71949d72', NULL, NULL, '4x4', NULL, NULL, NULL, NULL, NULL, 3),
('90803d87-ebc6-413a-8e91-b22da572979e', NULL, NULL, '4x4', NULL, NULL, NULL, NULL, NULL, NULL),
('9118b56b-04aa-445b-9fdd-c44d4d0b8b4a', NULL, NULL, '4x4', NULL, NULL, NULL, NULL, NULL, 4),
('934638ac-aaca-42dc-9cf8-4eb9286f50f1', NULL, NULL, '4x4', NULL, NULL, NULL, NULL, NULL, NULL),
('934f6cb8-ec25-4359-8fcb-d6d2ac062602', NULL, NULL, '4x4', NULL, NULL, NULL, NULL, NULL, 4),
('93a843f6-edf9-4bd5-9187-90c641d9bf6c', NULL, NULL, '4x4', NULL, NULL, NULL, NULL, NULL, 3),
('93eaec49-6058-4d5a-92bf-d7a3abb7a024', NULL, NULL, '4x4', NULL, NULL, NULL, NULL, NULL, 3),
('94197dc2-a992-4a63-958d-9bbecc2ff67a', NULL, NULL, '4x4', NULL, NULL, NULL, NULL, NULL, 4),
('942557f0-3670-49d5-94ee-6e894274d0ba', NULL, NULL, '4x4', NULL, NULL, NULL, NULL, NULL, 3),
('945348f9-02ba-4025-863c-e164075d1368', NULL, NULL, '4x4', NULL, NULL, NULL, NULL, NULL, 4),
('94987b6f-49e1-410c-9ec3-3283c765cd40', NULL, NULL, '4x4', NULL, NULL, NULL, NULL, NULL, NULL),
('94b78820-3c01-4791-9cdd-4e1e5e01d1e5', NULL, NULL, '4x4', NULL, NULL, NULL, NULL, NULL, 3),
('94e89f1f-5f83-42c7-8a7d-6e69f33d67aa', NULL, NULL, '4x4', NULL, NULL, NULL, NULL, NULL, 3),
('94f9677c-7919-40ea-9dfa-ab506723ac6b', NULL, NULL, '4x4', NULL, NULL, NULL, NULL, NULL, 4),
('9522f635-2594-4831-aa74-bd8f3321d41f', NULL, NULL, '4x4', NULL, NULL, NULL, NULL, NULL, 3),
('9562539d-1a42-4604-a621-475f63af7475', NULL, NULL, '4x4', NULL, NULL, NULL, NULL, NULL, NULL),
('96414507-58da-4c26-924e-56fa810db6c8', NULL, NULL, '4x4', NULL, NULL, NULL, NULL, NULL, 3),
('96d5f888-1f52-4c2d-be92-6735158e8029', NULL, NULL, '4x4', NULL, NULL, NULL, NULL, NULL, NULL),
('97a378b3-2679-460f-bfef-f42d87fb77fe', NULL, NULL, '4x4', NULL, NULL, NULL, NULL, NULL, 3),
('97ad6d8a-046e-4870-858a-4c90d56ddd6f', NULL, NULL, '4x4', NULL, NULL, NULL, NULL, NULL, 4),
('97e8167f-429a-4144-b41e-7c5459a48cfb', NULL, NULL, '4x4', NULL, NULL, NULL, NULL, NULL, 3),
('98c2b4e4-241a-42e1-a4a9-c34662d04dc0', NULL, NULL, '4x4', NULL, NULL, NULL, NULL, NULL, NULL),
('99152199-fa1f-460b-866a-fd841fa9e588', NULL, NULL, '4x4', NULL, NULL, NULL, NULL, NULL, 4),
('99849868-cb82-442a-93d0-77bd1acfeb35', NULL, NULL, '4x4', NULL, NULL, NULL, NULL, NULL, 3),
('9b025112-416e-4c4f-bdc8-6ee2a2c7493a', NULL, NULL, '4x4', NULL, NULL, NULL, NULL, NULL, 4),
('9b88c096-eaff-4dea-88c7-365032d19867', NULL, NULL, '4x4', NULL, NULL, NULL, NULL, NULL, 4),
('9c7d7987-9dd7-4b8d-99a7-fe10957339bf', NULL, NULL, '4x4', NULL, NULL, NULL, NULL, NULL, 4),
('9c9e3380-b2e5-4af7-8b18-80cf4679d2b7', NULL, NULL, '4x4', NULL, NULL, NULL, NULL, NULL, 3),
('9ce8c408-79c3-48e0-9ba9-7fe87568ca24', NULL, NULL, '4x4', NULL, NULL, NULL, NULL, NULL, 3),
('9d31302e-7bb1-41eb-9231-b3d662a7b8f1', NULL, NULL, '4x4', NULL, NULL, NULL, NULL, NULL, NULL),
('9dce3ac6-5c85-4458-bbfb-d33844a1a442', NULL, NULL, '4x4', NULL, NULL, NULL, NULL, NULL, 4),
('9df22079-c01a-4934-939f-c877ea9c62bc', NULL, NULL, '4x4', NULL, NULL, NULL, NULL, NULL, 4),
('9dfad03b-f002-47c3-a363-127bf63cb357', NULL, NULL, '4x4', NULL, NULL, NULL, NULL, NULL, 3),
('9e5ff06a-c1db-48ef-abcb-49a016041b89', NULL, NULL, '4x4', NULL, NULL, NULL, NULL, NULL, 3),
('9e7c5fcb-e464-4c97-9bfd-3785cf7dea14', NULL, NULL, '4x4', NULL, NULL, NULL, NULL, NULL, 3),
('9f012f35-1404-4cc0-ae9e-beddd63767bc', NULL, NULL, '4x4', NULL, NULL, NULL, NULL, NULL, 4),
('9f8a7261-6fd7-483f-8d0e-1eab613967cb', NULL, NULL, '4x4', NULL, NULL, NULL, NULL, NULL, NULL),
('9fbfed0c-9070-40cf-ae20-d01353e108ee', NULL, NULL, '4x4', NULL, NULL, NULL, NULL, NULL, NULL),
('a04a3164-d5cf-4ba8-8774-8d00406bb3f3', NULL, NULL, '4x4', NULL, NULL, NULL, NULL, NULL, 3),
('a09a55ee-37f8-4fdf-ac1a-f9096d683719', NULL, NULL, '4x4', NULL, NULL, NULL, NULL, NULL, 4),
('a0b64b00-732a-442f-bcfa-1340c4ae92ae', NULL, NULL, '4x4', NULL, NULL, NULL, NULL, NULL, 4),
('a0f85871-7349-45c2-b438-828f4a246976', NULL, NULL, '4x4', NULL, NULL, NULL, NULL, NULL, NULL),
('a1505536-6e0e-4a8d-9aff-2b76717e9c15', NULL, NULL, '4x4', NULL, NULL, NULL, NULL, NULL, 4),
('a1f9f7ad-775f-4d7c-97fd-ecb7a8f76c94', NULL, NULL, '4x4', NULL, NULL, NULL, NULL, NULL, 3),
('a233a1f2-5fbc-41a7-8f31-fd9b88f4d2df', NULL, NULL, '4x4', NULL, NULL, NULL, NULL, NULL, 3),
('a32855f3-ec8b-48ef-9f56-1eba3a6357f7', NULL, NULL, '4x4', NULL, NULL, NULL, NULL, NULL, 3),
('a3fd8012-4682-4b00-b384-8b38551596e1', NULL, NULL, '4x4', NULL, NULL, NULL, NULL, NULL, 3),
('a44d8e91-a935-4508-880e-c6dbbf463f29', NULL, NULL, '4x4', NULL, NULL, NULL, NULL, NULL, 3),
('a4664513-4667-4ada-9fe7-284b23aa30ec', NULL, NULL, '4x4', NULL, NULL, NULL, NULL, NULL, 4),
('a47ff908-a1fb-4b90-b5c8-c7944f4960d0', NULL, NULL, '4x4', NULL, NULL, NULL, NULL, NULL, 4),
('a515608f-380c-4449-bc17-465d4a051fac', NULL, NULL, '4x4', NULL, NULL, NULL, NULL, NULL, NULL),
('a65e9cc6-5961-46c4-96b1-9244d52a0e72', NULL, NULL, '4x4', NULL, NULL, NULL, NULL, NULL, 4),
('a69b5a14-28b2-4289-a1c7-15d82ae6b21d', NULL, NULL, '4x4', NULL, NULL, NULL, NULL, NULL, 3),
('a6c9ec02-889f-4bb9-a1d7-3fe3b9a1ee40', NULL, NULL, '4x4', NULL, NULL, NULL, NULL, NULL, 4),
('a6ce755d-f523-413f-b4cf-c553839cfe5e', NULL, NULL, '4x4', NULL, NULL, NULL, NULL, NULL, 3),
('a8344f70-bd17-42ba-a1c1-bb5de044571d', NULL, NULL, '4x4', NULL, NULL, NULL, NULL, NULL, NULL),
('a868b1cc-55aa-4ee5-8dbf-8ac8e89e8fe8', NULL, NULL, '4x4', NULL, NULL, NULL, NULL, NULL, NULL),
('a91384bb-b51c-4cca-a258-290df8f9ae6e', NULL, NULL, '4x4', NULL, NULL, NULL, NULL, NULL, 4),
('a99bc3fa-fdcb-4b5e-a2be-0705cda37b9e', NULL, NULL, '4x4', NULL, NULL, NULL, NULL, NULL, 3),
('a9a67e24-2bb0-4acf-b5c1-c4182ab887ae', NULL, NULL, '4x4', NULL, NULL, NULL, NULL, NULL, 3),
('a9f18e25-3984-4376-8536-91ba9f3dfe86', NULL, NULL, '4x4', NULL, NULL, NULL, NULL, NULL, 4),
('aa749af3-1f08-49d1-ba12-c8a5c497b019', NULL, NULL, '4x4', NULL, NULL, NULL, NULL, NULL, NULL),
('aa84a164-ee74-4937-871a-62c5abcc40bc', NULL, NULL, '4x4', NULL, NULL, NULL, NULL, NULL, 4),
('aadea219-16e9-4f66-9cf6-021b98d17a49', NULL, NULL, '4x4', NULL, NULL, NULL, NULL, NULL, 3),
('ab090256-351e-4004-a57c-190604b760ac', NULL, NULL, '4x4', NULL, NULL, NULL, NULL, NULL, 4),
('ab1e55fc-c19f-43af-a79d-71b5db556005', NULL, NULL, '4x4', NULL, NULL, NULL, NULL, NULL, NULL),
('ab33224d-859d-472a-9e84-f06cd922db27', NULL, NULL, '4x4', NULL, NULL, NULL, NULL, NULL, 4),
('ac00d823-cf8a-4527-8b90-57f719bbedf8', NULL, NULL, '4x4', NULL, NULL, NULL, NULL, NULL, 4),
('ac83728e-2b5c-4945-bf8b-1c3a4ddd3912', NULL, NULL, '4x4', NULL, NULL, NULL, NULL, NULL, NULL),
('af328204-a9ce-44b7-a90a-ce1f71958cbc', NULL, NULL, '4x4', NULL, NULL, NULL, NULL, NULL, 3),
('afb41f20-64bf-4034-9ae7-509c62dc32ce', NULL, NULL, '4x4', NULL, NULL, NULL, NULL, NULL, 3),
('b01bcbeb-39d2-4db0-9aef-0a08d989f5c5', NULL, NULL, '4x4', NULL, NULL, NULL, NULL, NULL, 3),
('b07e8864-1595-40b2-bfed-f39e3365e1e0', NULL, NULL, '4x4', NULL, NULL, NULL, NULL, NULL, 3),
('b0bd99ad-f41e-49e3-a77f-b488f4183495', NULL, NULL, '4x4', NULL, NULL, NULL, NULL, NULL, NULL),
('b1088eea-a856-4a23-b280-2c95241f6521', NULL, NULL, '4x4', NULL, NULL, NULL, NULL, NULL, NULL),
('b11d3a7c-708e-4c91-b464-de0b3fd30bb8', NULL, NULL, '4x4', NULL, NULL, NULL, NULL, NULL, 3),
('b1338167-3fad-4d82-8c53-8e381b6616a7', NULL, NULL, '4x4', NULL, NULL, NULL, NULL, NULL, 4),
('b1e3d44e-a7c8-4ddd-8b07-be02d397fb9f', NULL, NULL, '4x4', NULL, NULL, NULL, NULL, NULL, 4),
('b2eeff94-4d13-42bd-983e-e51818106e55', NULL, NULL, '4x4', NULL, NULL, NULL, NULL, NULL, 4),
('b330b0df-eda3-4a09-a466-0f51c87011eb', NULL, NULL, '4x4', NULL, NULL, NULL, NULL, NULL, NULL),
('b38a32d0-1a69-4583-96b4-94703a0eb663', NULL, NULL, '4x4', NULL, NULL, NULL, NULL, NULL, 3),
('b3ce4427-a942-4211-bcf6-905312ebcd63', NULL, NULL, '4x4', NULL, NULL, NULL, NULL, NULL, 3),
('b3ef28c2-ce6f-42cb-b90d-d8bd87f437f1', NULL, NULL, '4x4', NULL, NULL, NULL, NULL, NULL, 4),
('b591c7b7-06c0-4c1b-9d2c-d4a833238b47', NULL, NULL, '4x4', NULL, NULL, NULL, NULL, NULL, 4),
('b6650d0c96dd625647a4fa96ef78694b', '1', '4', '4x4', '[[\"L\",\"E\",\"I\",\"U\"],[\"E\",\"R\",\"D\",\"E\"],[\"I\",\"D\",\"D\",\"E\"],[\"E\",\"N\",\"P\",\"S\"]]', NULL, '2023-01-26 00:19:16', '2023-01-26 00:29:02', NULL, NULL),
('b6a482ea-335c-4dae-a6a3-6c4cdf7340fb', NULL, NULL, '4x4', NULL, NULL, NULL, NULL, NULL, NULL),
('b6b30f32-6d77-4365-acdf-6412c35c4799', NULL, NULL, '4x4', NULL, NULL, NULL, NULL, NULL, 3),
('b73a1d92-c993-44cb-aa25-98724c301c62', NULL, NULL, '4x4', NULL, NULL, NULL, NULL, NULL, 4),
('b745b8e4-322b-430a-8aa3-dff19c173c4b', NULL, NULL, '4x4', NULL, NULL, NULL, NULL, NULL, 3),
('b7905b05-2cb5-4b78-b920-fd7cfe202fbb', NULL, NULL, '4x4', NULL, NULL, NULL, NULL, NULL, 4),
('b7ad8f03-8218-4f05-acd2-2760bdf35570', NULL, NULL, '4x4', NULL, NULL, NULL, NULL, NULL, 3),
('b875231f-590d-4cc8-8252-1796b380cf29', NULL, NULL, '4x4', NULL, NULL, NULL, NULL, NULL, 3),
('b89cadbf-7516-4a95-8a02-09dc9d30e648', NULL, NULL, '4x4', NULL, NULL, NULL, NULL, NULL, 3),
('b951cc79-f1cb-4300-a9bd-4daf2c7c7f0b', NULL, NULL, '4x4', NULL, NULL, NULL, NULL, NULL, 3),
('b95c59a8-33ba-4589-8759-0f2a83b66886', NULL, NULL, '4x4', NULL, NULL, NULL, NULL, NULL, 4),
('b96b352c-bbe2-4092-bd9a-a810dbd28b04', NULL, NULL, '4x4', NULL, NULL, NULL, NULL, NULL, 3),
('ba45a6a7-7ab0-4ff7-b357-b30648aef9d0', NULL, NULL, '4x4', NULL, NULL, NULL, NULL, NULL, 3),
('ba537a1f-dec3-491f-a088-fc8bf59d743f', NULL, NULL, '4x4', NULL, NULL, NULL, NULL, NULL, NULL),
('ba7de0d3-fbf0-4655-a83f-4045a382b0e5', NULL, NULL, '4x4', NULL, NULL, NULL, NULL, NULL, 3),
('baa73780-5078-4b85-8564-1ac25a37ca8b', NULL, NULL, '4x4', NULL, NULL, NULL, NULL, NULL, 4),
('bb225a94-110f-4a9d-b59a-dcf9834f00aa', NULL, NULL, '4x4', NULL, NULL, NULL, NULL, NULL, NULL),
('bb32eeac-479d-4e73-b690-e1cbda212c07', NULL, NULL, '4x4', NULL, NULL, NULL, NULL, NULL, NULL),
('bbd694b6-b81a-4c71-89fd-4f9f08d6744e', NULL, NULL, '4x4', NULL, NULL, NULL, NULL, NULL, 3),
('bbdb6831-3e88-4691-b905-0e67dffd7ab1', NULL, NULL, '4x4', NULL, NULL, NULL, NULL, NULL, 3),
('bd0958d1-5c00-4292-9ead-5d250a43e0a1', NULL, NULL, '4x4', NULL, NULL, NULL, NULL, NULL, 3),
('bd6fc45d-30db-4789-bdb7-3176a10769c8', NULL, NULL, '4x4', NULL, NULL, NULL, NULL, NULL, 3),
('bd80c2eb-7e18-4a0b-8575-2c64ec9e0738', NULL, NULL, '4x4', NULL, NULL, NULL, NULL, NULL, 3),
('bf940316-3000-4f71-934c-96dfae301019', NULL, NULL, '4x4', NULL, NULL, NULL, NULL, NULL, 4),
('bfefcb22-464d-4290-ba63-fb42bb8fa1be', NULL, NULL, '4x4', NULL, NULL, NULL, NULL, NULL, 3),
('c00e3a8e-c6b6-4eea-a72c-5f98c6e17245', NULL, NULL, '4x4', NULL, NULL, NULL, NULL, NULL, NULL),
('c017abd3-5bce-4d07-8f70-8692c650a5fa', NULL, NULL, '4x4', NULL, NULL, NULL, NULL, NULL, 4),
('c0dcc390-d51b-43bc-8a30-028257629694', NULL, NULL, '4x4', NULL, NULL, NULL, NULL, NULL, 3),
('c12322d3-88e5-432b-9369-1f03da074301', NULL, NULL, '4x4', NULL, NULL, NULL, NULL, NULL, NULL),
('c12a2f0c-cbe7-4dd2-807c-e521731630e2', NULL, NULL, '4x4', NULL, NULL, NULL, NULL, NULL, NULL),
('c1c12341-d6f8-4824-9318-7b3f00419a14', NULL, NULL, '4x4', NULL, NULL, NULL, NULL, NULL, NULL),
('c4830180-a1d7-4e4b-a348-fab376410733', NULL, NULL, '4x4', NULL, NULL, NULL, NULL, NULL, NULL),
('c4b418e7675a8e0ef9ab64d46e73ec6f', '1', '3', '4x4', '[[\"E\",\"D\",\"V\",\"E\"],[\"I\",\"I\",\"M\",\"S\"],[\"E\",\"P\",\"T\",\"L\"],[\"D\",\"S\",\"P\",\"U\"]]', NULL, '2023-01-26 19:50:28', '2023-01-26 19:56:54', NULL, NULL),
('c5bb3bdd-e73c-4613-920b-39856582f1fe', NULL, NULL, '4x4', NULL, NULL, NULL, NULL, NULL, 3),
('c5ec471e-ce1f-4aaf-b245-3784c55e6847', NULL, NULL, '4x4', NULL, NULL, NULL, NULL, NULL, 3),
('c606dd48-ba3f-4141-9982-7162cc6cfe3c', NULL, NULL, '4x4', NULL, NULL, NULL, NULL, NULL, 3),
('c6177be3-824f-4e20-aa2f-23682b421c8a', NULL, NULL, '4x4', NULL, NULL, NULL, NULL, NULL, NULL),
('c65dad42-8dbb-4446-b0ce-32d0941129db', NULL, NULL, '4x4', NULL, NULL, NULL, NULL, NULL, NULL),
('c67a9ef6-c20e-4825-9100-7fef8bbdd1eb', NULL, NULL, '4x4', NULL, NULL, NULL, NULL, NULL, 3),
('c6ad407b-67cf-42ee-b629-29d02759a849', NULL, NULL, '4x4', NULL, NULL, NULL, NULL, NULL, 3),
('c6cc16ea-ea65-4a8b-a762-95411c6deeae', NULL, NULL, '4x4', NULL, NULL, NULL, NULL, NULL, 4),
('c842917f-577f-41d9-89a2-20a54612523b', NULL, NULL, '4x4', NULL, NULL, NULL, NULL, NULL, 3),
('c85a273b-3f6d-46f3-b684-fd9821d60f22', NULL, NULL, '4x4', NULL, NULL, NULL, NULL, NULL, NULL),
('c9845829-4b35-4ed5-bd62-cc00cf3d9ad7', NULL, NULL, '4x4', NULL, NULL, NULL, NULL, NULL, NULL),
('c9a0a3b9-5d07-40aa-93ea-11d362e07a21', NULL, NULL, '4x4', NULL, NULL, NULL, NULL, NULL, 3),
('cab9e024-9ee2-4c70-8e58-bb17aed638a8', NULL, NULL, '4x4', NULL, NULL, NULL, NULL, NULL, 3),
('cbbd7dc8-0a53-414d-a85c-858defb0803d', NULL, NULL, '4x4', NULL, NULL, NULL, NULL, NULL, 3),
('cc9d5de2-4251-4962-8132-590e03b1e824', NULL, NULL, '4x4', NULL, NULL, NULL, NULL, NULL, 4),
('cce37905-dcbb-44ec-a925-568d57f71033', NULL, NULL, '4x4', NULL, NULL, NULL, NULL, NULL, NULL),
('cd321e43-f73c-499b-b488-ceed09402528', NULL, NULL, '4x4', NULL, NULL, NULL, NULL, NULL, 3),
('cdf5b9e9-c95e-4114-948b-3f7fa905b385', NULL, NULL, '4x4', NULL, NULL, NULL, NULL, NULL, NULL),
('cf65fc51-8208-4962-84b6-4e6f6c6dc9c8', NULL, NULL, '4x4', NULL, NULL, NULL, NULL, NULL, 4),
('cfc6c3cd-60ee-4030-9647-7c3912b7a544', NULL, NULL, '4x4', NULL, NULL, NULL, NULL, NULL, 3),
('d0304878-813f-4980-8abc-b5d7c19fdda8', NULL, NULL, '4x4', NULL, NULL, NULL, NULL, NULL, 3),
('d03821f3-db12-4743-be6b-199b849a14c2', NULL, NULL, '4x4', NULL, NULL, NULL, NULL, NULL, 4),
('d064929bde6a156248333d825d32aa96', '1', '4', '4x4', '[[\"U\",\"I\",\"R\",\"U\"],[\"L\",\"I\",\"G\",\"E\"],[\"I\",\"U\",\"E\",\"A\"],[\"N\",\"N\",\"B\",\"U\"]]', NULL, '2023-01-26 00:17:06', '2023-01-26 00:19:16', NULL, NULL),
('d09de070-58ba-4816-bdec-f1d3dfdaeccc', NULL, NULL, '4x4', NULL, NULL, NULL, NULL, NULL, 3),
('d3b84e36-6262-461f-948c-78293e04d640', NULL, NULL, '4x4', NULL, NULL, NULL, NULL, NULL, 3),
('d42571d5-6855-44bb-8ea1-f98379f479f7', NULL, NULL, '4x4', NULL, NULL, NULL, NULL, NULL, 4),
('d442cc9c-e153-464e-9650-185bf30d0663', NULL, NULL, '4x4', NULL, NULL, NULL, NULL, NULL, NULL),
('d57a57c1-a9f3-4f51-b03a-67e6e2e65dc8', NULL, NULL, '4x4', NULL, NULL, NULL, NULL, NULL, 3),
('d57d50cb-2ad6-42cf-8e8f-229b55ea05b6', NULL, NULL, '4x4', NULL, NULL, NULL, NULL, NULL, 3),
('d5d05597-9a75-43b9-a16d-643a0e579c8c', NULL, NULL, '4x4', NULL, NULL, NULL, NULL, NULL, 4),
('d659458f-399b-4bdc-9c29-0a6111ca8152', NULL, NULL, '4x4', NULL, NULL, NULL, NULL, NULL, 3),
('d706c191-922c-4da2-9895-d26b15eb1073', NULL, NULL, '4x4', NULL, NULL, NULL, NULL, NULL, NULL),
('d75a6c88192ae98cfab3fd4a9a5ef8aa', '1', '5', '4x4', '[[\"E\",\"E\",\"R\",\"M\"],[\"A\",\"N\",\"L\",\"O\"],[\"A\",\"R\",\"U\",\"L\"],[\"E\",\"D\",\"R\",\"C\"]]', NULL, '2023-01-31 13:23:27', '2023-01-31 13:24:22', NULL, NULL),
('d81e3ebc8c3b6405ed1001ffe845c8de', '1', '3', '4x4', '[[\"E\",\"D\",\"V\",\"E\"],[\"I\",\"I\",\"M\",\"S\"],[\"E\",\"P\",\"T\",\"L\"],[\"D\",\"S\",\"P\",\"U\"]]', NULL, '2023-01-26 19:50:28', '2023-01-26 19:56:45', NULL, NULL),
('d839796e-d7c3-4758-9a40-cf7a1238f886', NULL, NULL, '4x4', NULL, NULL, NULL, NULL, NULL, 3),
('d84d7c2a-6601-4d45-82a4-1bc12f3f2cf3', NULL, NULL, '4x4', NULL, NULL, NULL, NULL, NULL, 4),
('d87de727-1c0b-47f2-831e-e5a82d635410', NULL, NULL, '4x4', NULL, NULL, NULL, NULL, NULL, 4),
('d8a3d98f-2637-4170-abca-c4e8b5573428', NULL, NULL, '4x4', NULL, NULL, NULL, NULL, NULL, NULL),
('d9a8df8b-be98-4d03-a3c6-6778f543cab1', NULL, NULL, '4x4', NULL, NULL, NULL, NULL, NULL, 3),
('d9d6c31e-168d-4cdf-86db-7346075752f2', NULL, NULL, '4x4', NULL, NULL, NULL, NULL, NULL, 3),
('d9ed368f-492f-4085-b740-e6251cdb486c', NULL, NULL, '4x4', NULL, NULL, NULL, NULL, NULL, 3),
('d9fbbc93-f779-40eb-bb6b-ac5ce7ec89e1', NULL, NULL, '4x4', NULL, NULL, NULL, NULL, NULL, 3),
('da80673b641a663a4e46ce91f9a85ca7', '1', '3', '4x4', '[[\"E\",\"D\",\"V\",\"E\"],[\"I\",\"I\",\"M\",\"S\"],[\"E\",\"P\",\"T\",\"L\"],[\"D\",\"S\",\"P\",\"U\"]]', NULL, '2023-01-26 19:50:28', '2023-01-26 19:56:48', NULL, NULL),
('db00901f-e302-4dd4-8ce2-7f32686095a7', NULL, NULL, '4x4', NULL, NULL, NULL, NULL, NULL, 4),
('dbaf63d2-0036-45ff-9cb9-3acfde653149', NULL, NULL, '4x4', NULL, NULL, NULL, NULL, NULL, 3),
('dc211229-7d9e-4200-a2c0-ec88a226a224', NULL, NULL, '4x4', NULL, NULL, NULL, NULL, NULL, 3),
('dc2b1053-5621-4e04-b621-1370076b8f06', NULL, NULL, '4x4', NULL, NULL, NULL, NULL, NULL, NULL),
('dcd94ccbc8d6fbf4187835670ea62362', '1', '4', '4x4', '[[\"L\",\"E\",\"I\",\"U\"],[\"E\",\"R\",\"D\",\"E\"],[\"I\",\"D\",\"D\",\"E\"],[\"E\",\"N\",\"P\",\"S\"]]', NULL, '2023-01-26 00:19:16', '2023-01-26 00:28:46', NULL, NULL),
('dcecfb6e-b0ae-41a6-abe8-11de2a037492', NULL, NULL, '4x4', NULL, NULL, NULL, NULL, NULL, 3),
('ddf61507-ef13-4981-a4e1-bd9fe7d0bcb6', NULL, NULL, '4x4', NULL, NULL, NULL, NULL, NULL, 3),
('de9f274b-e57e-4cb6-bc66-3c3a8b722e75', NULL, NULL, '4x4', NULL, NULL, NULL, NULL, NULL, 3),
('df3752fd67b519596080b7ce8d052507', '1', '4', '4x4', '[[\"L\",\"E\",\"I\",\"U\"],[\"E\",\"R\",\"D\",\"E\"],[\"I\",\"D\",\"D\",\"E\"],[\"E\",\"N\",\"P\",\"S\"]]', NULL, '2023-01-26 00:19:16', '2023-01-26 00:28:45', NULL, NULL),
('df579639-35d1-40e2-ba72-159c439b0800', NULL, NULL, '4x4', NULL, NULL, NULL, NULL, NULL, NULL),
('e01009993b60ce12a794d4d05e068c16', '1', '4', '4x4', '[[\"L\",\"E\",\"I\",\"U\"],[\"E\",\"R\",\"D\",\"E\"],[\"I\",\"D\",\"D\",\"E\"],[\"E\",\"N\",\"P\",\"S\"]]', NULL, '2023-01-26 00:19:16', '2023-01-26 00:28:43', NULL, NULL),
('e01e3c9c-9a3a-42d3-a6ee-153916d6cb78', NULL, NULL, '4x4', NULL, NULL, NULL, NULL, NULL, NULL),
('e04b04de-21d1-4f33-a6ba-f4a5e8349a35', NULL, NULL, '4x4', NULL, NULL, NULL, NULL, NULL, 4),
('e09acdac-9476-4c38-a949-9bbffe1fe4fd', NULL, NULL, '4x4', NULL, NULL, NULL, NULL, NULL, 3),
('e0cb7b42-b397-482c-800b-f9dc8b0d3039', NULL, NULL, '4x4', NULL, NULL, NULL, NULL, NULL, NULL),
('e1607d3f-07b0-4a88-a098-8a13bae8de3f', NULL, NULL, '4x4', NULL, NULL, NULL, NULL, NULL, 3),
('e18315c0-0445-4028-bf7f-7f955dfa2656', NULL, NULL, '4x4', NULL, NULL, NULL, NULL, NULL, 4),
('e1f8ea38-717b-4f75-a667-dbc4f784105a', NULL, NULL, '4x4', NULL, NULL, NULL, NULL, NULL, NULL),
('e2433f43-d1dd-4c40-adf0-86f445fad53b', NULL, NULL, '4x4', NULL, NULL, NULL, NULL, NULL, NULL);
INSERT INTO `partie` (`idPartie`, `NbMotsTrouves`, `idVainqueur`, `dimensionsGrille`, `Grille`, `NomDicoUtilise`, `DateDebutPartie`, `DateFinPartie`, `idChat`, `gameAdmin`) VALUES
('e27ce91a-f69e-4e27-9581-03a264e9ce6a', NULL, NULL, '4x4', NULL, NULL, NULL, NULL, NULL, 4),
('e3098287-81c1-43c6-b872-0b71ba378369', NULL, NULL, '4x4', NULL, NULL, NULL, NULL, NULL, NULL),
('e4016f34-1e52-4fac-8227-2b6c22e1bf2c', NULL, NULL, '4x4', NULL, NULL, NULL, NULL, NULL, 3),
('e4d399f4-9cfa-4fb6-ab52-00768fa4249d', NULL, NULL, '4x4', NULL, NULL, NULL, NULL, NULL, NULL),
('e4d6b7f7-39d4-4a3e-8f66-7b3c4dc81955', NULL, NULL, '4x4', NULL, NULL, NULL, NULL, NULL, 4),
('e4f0fe32-8eec-48a4-b4a1-06ade35a6b67', NULL, NULL, '4x4', NULL, NULL, NULL, NULL, NULL, NULL),
('e4f29fb6-cbe2-4868-9985-b2a976b55f7b', NULL, NULL, '4x4', NULL, NULL, NULL, NULL, NULL, 3),
('e5bc3a5e-7137-41b4-a28c-64f27c49ae13', NULL, NULL, '4x4', NULL, NULL, NULL, NULL, NULL, 3),
('e857363d-6eb5-4a59-8b76-f7c0b84818e0', NULL, NULL, '4x4', NULL, NULL, NULL, NULL, NULL, 3),
('e857e795-2de8-48ee-8c6e-a26613e87e69', NULL, NULL, '4x4', NULL, NULL, NULL, NULL, NULL, NULL),
('e9bc5073427fe762c45205a8b534fa45', '1', '3', '4x4', '[[\"I\",\"I\",\"I\",\"E\"],[\"A\",\"O\",\"T\",\"N\"],[\"N\",\"S\",\"R\",\"E\"],[\"P\",\"A\",\"D\",\"O\"]]', NULL, '2023-01-27 11:57:50', '2023-01-27 11:59:05', NULL, NULL),
('eb6050bf-ba6a-446a-be42-520a3681fb78', NULL, NULL, '4x4', NULL, NULL, NULL, NULL, NULL, 3),
('ebb033fc-7e9e-4b7d-bbe5-5e25394bbd4d', NULL, NULL, '4x4', NULL, NULL, NULL, NULL, NULL, NULL),
('ecf3cccb-3621-410b-b1f8-5b342f1fe8d0', NULL, NULL, '4x4', NULL, NULL, NULL, NULL, NULL, NULL),
('ed0b68a3-38b3-47b9-8d48-6cfd9569c8ad', NULL, NULL, '4x4', NULL, NULL, NULL, NULL, NULL, 4),
('ed8af1da-1a76-4ae1-870d-34af456e6cda', NULL, NULL, '4x4', NULL, NULL, NULL, NULL, NULL, 4),
('eeefcddd-2f45-4d35-846d-3626680951e4', NULL, NULL, '4x4', NULL, NULL, NULL, NULL, NULL, 3),
('ef1c9dd4-ff97-4acd-9798-a5cfc93f4825', NULL, NULL, '4x4', NULL, NULL, NULL, NULL, NULL, NULL),
('f035d677-a836-4560-875f-c05bb4bbc230', NULL, NULL, '4x4', NULL, NULL, NULL, NULL, NULL, 3),
('f0abf162-c8a4-4750-9435-012c25f302bf', NULL, NULL, '4x4', NULL, NULL, NULL, NULL, NULL, NULL),
('f1645426-c19c-4ce5-9f14-af4b9657d6b5', NULL, NULL, '4x4', NULL, NULL, NULL, NULL, NULL, 3),
('f1ab1286-c38b-49fc-9670-3a94c5df62fe', NULL, NULL, '4x4', NULL, NULL, NULL, NULL, NULL, 3),
('f1c505b6-4444-451c-abb8-7fb6322583af', NULL, NULL, '4x4', NULL, NULL, NULL, NULL, NULL, NULL),
('f1d87202-f7aa-4e19-8a8c-dae61cdbfff4', NULL, NULL, '4x4', NULL, NULL, NULL, NULL, NULL, 3),
('f2709c4e-8af3-4487-81a0-2282907440c5', NULL, NULL, '4x4', NULL, NULL, NULL, NULL, NULL, NULL),
('f2be4cbd-e889-4a52-b4d4-f14b3e9a915e', NULL, NULL, '4x4', NULL, NULL, NULL, NULL, NULL, NULL),
('f3002a9d-8cdb-4b12-b144-5c6cf6ae9b08', NULL, NULL, '4x4', NULL, NULL, NULL, NULL, NULL, NULL),
('f3f7f0c02fc3338ff43b69297ee61a6a', '1', '3', '4x4', '[[\"O\",\"N\",\"M\",\"O\"],[\"H\",\"M\",\"O\",\"U\"],[\"T\",\"S\",\"C\",\"G\"],[\"QU\",\"R\",\"F\",\"U\"]]', NULL, '2023-01-25 21:01:56', '2023-01-25 22:13:22', NULL, NULL),
('f449e39f-a927-4682-bed8-95005cdfbe3c', NULL, NULL, '4x4', NULL, NULL, NULL, NULL, NULL, 3),
('f450fe79-ba1f-4b82-9e6b-c7ae7ca22a09', NULL, NULL, '4x4', NULL, NULL, NULL, NULL, NULL, 3),
('f4aaee41-e613-4bf1-8afa-77249514e885', NULL, NULL, '4x4', NULL, NULL, NULL, NULL, NULL, NULL),
('f4bc791e-d196-432a-a14d-fc495cc0def9', NULL, NULL, '4x4', NULL, NULL, NULL, NULL, NULL, 3),
('f57a6b0e-15e3-4692-9a49-554c7b47aa75', NULL, NULL, '4x4', NULL, NULL, NULL, NULL, NULL, NULL),
('f62b3987-a8f8-4685-bd14-904010070a42', NULL, NULL, '4x4', NULL, NULL, NULL, NULL, NULL, NULL),
('f6924974-ee8f-470e-97de-bf0dff048bb7', NULL, NULL, '4x4', NULL, NULL, NULL, NULL, NULL, 3),
('f6e3d39c-8b08-47b1-8656-f03491c06bc2', NULL, NULL, '4x4', NULL, NULL, NULL, NULL, NULL, NULL),
('f7b1bf7c-2d19-40ca-9db2-0009c5ec70c7', NULL, NULL, '4x4', NULL, NULL, NULL, NULL, NULL, 3),
('f7f8a3eb-58ca-46b4-8f2a-ae840ad173e9', NULL, NULL, '4x4', NULL, NULL, NULL, NULL, NULL, 4),
('fa2a8e8a-7f9b-42d3-8308-dac7c680cfe9', NULL, NULL, '4x4', NULL, NULL, NULL, NULL, NULL, 3),
('fa58df82-7127-4ba5-ad88-0fb271ee2230', NULL, NULL, '4x4', NULL, NULL, NULL, NULL, NULL, 4),
('fbe93d33-aa40-42a6-ba5a-c5568545a2c4', NULL, NULL, '4x4', NULL, NULL, NULL, NULL, NULL, 4),
('fc02a81a-2dad-49fa-a9a7-1ebcd35bf3f9', NULL, NULL, '4x4', NULL, NULL, NULL, NULL, NULL, 4),
('fc352173-1287-4d18-8ed2-39514a51f6fb', NULL, NULL, '4x4', NULL, NULL, NULL, NULL, NULL, 3),
('fd1d872a-0e9d-4f60-a99f-1f6dbdd1ee86', NULL, NULL, '4x4', NULL, NULL, NULL, NULL, NULL, 3),
('fd25391c-2435-4e6c-9b43-b84dbc781d19', NULL, NULL, '4x4', NULL, NULL, NULL, NULL, NULL, NULL),
('fd58cf10-b1a9-4eed-a4c9-f828cd54dc31', NULL, NULL, '4x4', NULL, NULL, NULL, NULL, NULL, 4),
('fd67e65a-7271-4a1e-b0c4-9bd7501320a6', NULL, NULL, '4x4', NULL, NULL, NULL, NULL, NULL, 3),
('fdc805f6-1c18-43b4-a867-cb9bae8230ba', NULL, NULL, '4x4', NULL, NULL, NULL, NULL, NULL, NULL),
('fefdc6fa-0ab8-46c6-a7c4-086ca89f01b8', NULL, NULL, '4x4', NULL, NULL, NULL, NULL, NULL, NULL),
('ff040cac-3d89-46e2-a050-58f36490b9d6', NULL, NULL, '4x4', NULL, NULL, NULL, NULL, NULL, 4);

-- --------------------------------------------------------

--
-- Structure de la table `proposemots`
--

CREATE TABLE `proposemots` (
  `idUser` varchar(50) NOT NULL,
  `idPartie` varchar(50) NOT NULL,
  `MotsPropose` varchar(50) NOT NULL,
  `ScoreMots` varchar(50) DEFAULT NULL
) ENGINE=InnoDB DEFAULT CHARSET=utf8;

--
-- Déchargement des données de la table `proposemots`
--

INSERT INTO `proposemots` (`idUser`, `idPartie`, `MotsPropose`, `ScoreMots`) VALUES
('3', '158673bef73beeae14cfdc10713a13e8', '', '0'),
('3', '158673bef73beeae14cfdc10713a13e8', 'DEP', '0'),
('3', '1f19a5bae1c1d2b06041090e5cae3aa6', 'FEN', '0'),
('3', '1f19a5bae1c1d2b06041090e5cae3aa6', 'RIEN', '0'),
('3', '1f19a5bae1c1d2b06041090e5cae3aa6', 'VEM', '0'),
('3', '34489944aea10854268db0b4036459aa', '', '0'),
('3', '34489944aea10854268db0b4036459aa', 'TET', '0'),
('3', '424cf35f417a6478842e1fb49ce497eb', 'PAN', '0'),
('3', '43012d611131ed486fd75f4033670400', '', '0'),
('3', '43012d611131ed486fd75f4033670400', 'DEP', '0'),
('3', '430c1ab2244efad841dced15c68086be', 'LE', '0'),
('3', '6fa24f022c6d2f565b041241e9696d02', '', '0'),
('3', '6fa24f022c6d2f565b041241e9696d02', 'DEP', '0'),
('3', '7354dcaf2696938a902f3c6811819ebe', '', '0'),
('3', '7354dcaf2696938a902f3c6811819ebe', 'DEP', '0'),
('3', '82187c0c8e3022ab539a204aaf84701a', 'FEU', '0'),
('3', '82187c0c8e3022ab539a204aaf84701a', 'MU', '0'),
('3', '82187c0c8e3022ab539a204aaf84701a', 'MUR', '0'),
('3', '82187c0c8e3022ab539a204aaf84701a', 'MURE', '0'),
('3', '82187c0c8e3022ab539a204aaf84701a', 'NI', '0'),
('3', '82187c0c8e3022ab539a204aaf84701a', 'NIE', '0'),
('3', '82187c0c8e3022ab539a204aaf84701a', 'NIER', '0'),
('3', '82187c0c8e3022ab539a204aaf84701a', 'RE', '0'),
('3', '82187c0c8e3022ab539a204aaf84701a', 'RI', '0'),
('3', '82187c0c8e3022ab539a204aaf84701a', 'VA', '0'),
('3', '82187c0c8e3022ab539a204aaf84701a', 'VU', '0'),
('3', 'c4b418e7675a8e0ef9ab64d46e73ec6f', '', '0'),
('3', 'c4b418e7675a8e0ef9ab64d46e73ec6f', 'DEP', '0'),
('3', 'd81e3ebc8c3b6405ed1001ffe845c8de', '', '0'),
('3', 'd81e3ebc8c3b6405ed1001ffe845c8de', 'DEP', '0'),
('3', 'da80673b641a663a4e46ce91f9a85ca7', '', '0'),
('3', 'da80673b641a663a4e46ce91f9a85ca7', 'DEP', '0'),
('3', 'e9bc5073427fe762c45205a8b534fa45', 'RE', '0'),
('3', 'e9bc5073427fe762c45205a8b534fa45', 'ROTE', '0'),
('3', 'f3f7f0c02fc3338ff43b69297ee61a6a', 'HOMO', '0'),
('3', 'f3f7f0c02fc3338ff43b69297ee61a6a', 'HOMOS', '0'),
('4', '108c53fbd48f991ccfb0b6ea57343be2', 'BONJOUR', '0'),
('4', '108c53fbd48f991ccfb0b6ea57343be2', 'ERDE', '0'),
('4', '1ba1d1d3ad1f04dd9e015d215a705f9c', 'BONJOUR', '0'),
('4', '1ba1d1d3ad1f04dd9e015d215a705f9c', 'ERDE', '0'),
('4', '2f06feaab45657ac5ff9b8c1945f628a', 'EAU', '0'),
('4', '2f06feaab45657ac5ff9b8c1945f628a', 'EU', '0'),
('4', '2f06feaab45657ac5ff9b8c1945f628a', 'POTAGE', '0'),
('4', '54f10b753116b9ed594d44822308e037', 'DU', '0'),
('4', '54f10b753116b9ed594d44822308e037', 'DUP', '0'),
('4', '54f10b753116b9ed594d44822308e037', 'PUA', '0'),
('4', '54f10b753116b9ed594d44822308e037', 'QUA', '0'),
('4', '54f10b753116b9ed594d44822308e037', 'RUA', '0'),
('4', '54f10b753116b9ed594d44822308e037', 'RUS', '0'),
('4', '54f10b753116b9ed594d44822308e037', 'TA', '0'),
('4', 'b6650d0c96dd625647a4fa96ef78694b', 'BONJOUR', '0'),
('4', 'b6650d0c96dd625647a4fa96ef78694b', 'ERDE', '0'),
('4', 'd064929bde6a156248333d825d32aa96', 'BUA', '0'),
('4', 'd064929bde6a156248333d825d32aa96', 'LIGEA', '0'),
('4', 'd064929bde6a156248333d825d32aa96', 'LIRE', '0'),
('4', 'd064929bde6a156248333d825d32aa96', 'RIULI', '0'),
('4', 'dcd94ccbc8d6fbf4187835670ea62362', 'BONJOUR', '0'),
('4', 'dcd94ccbc8d6fbf4187835670ea62362', 'ERDE', '0'),
('4', 'df3752fd67b519596080b7ce8d052507', 'BONJOUR', '0'),
('4', 'df3752fd67b519596080b7ce8d052507', 'ERDE', '0'),
('4', 'e01009993b60ce12a794d4d05e068c16', 'BONJOUR', '0'),
('4', 'e01009993b60ce12a794d4d05e068c16', 'ERDE', '0'),
('5', '0055e6527ddef75bf5fc35185b64550a', 'DE', '0'),
('5', '0055e6527ddef75bf5fc35185b64550a', 'QUO', '0'),
('5', 'd75a6c88192ae98cfab3fd4a9a5ef8aa', 'DRU', '0'),
('5', 'd75a6c88192ae98cfab3fd4a9a5ef8aa', 'MOLE', '0'),
('5', 'd75a6c88192ae98cfab3fd4a9a5ef8aa', 'RADE', '0'),
('5', 'd75a6c88192ae98cfab3fd4a9a5ef8aa', 'RE', '0'),
('5', 'd75a6c88192ae98cfab3fd4a9a5ef8aa', 'RU', '0');

-- --------------------------------------------------------

--
-- Structure de la table `tokens`
--

CREATE TABLE `tokens` (
  `idToken` int(10) UNSIGNED NOT NULL,
  `token` varchar(255) NOT NULL,
  `idUser` int(11) NOT NULL,
  `expiration` timestamp NOT NULL DEFAULT current_timestamp() ON UPDATE current_timestamp()
) ENGINE=InnoDB DEFAULT CHARSET=utf8mb4;

--
-- Déchargement des données de la table `tokens`
--

INSERT INTO `tokens` (`idToken`, `token`, `idUser`, `expiration`) VALUES
(161, 'd8951efc04625588a7da06d858261a76668002588cee45759fe479237948b2323b6e54a46ef551ff7cfda3d7355aa778e3840afc5872006c15c9ca326d0c7e6e', 3, '2023-06-04 16:32:42'),
(162, '6616c5ee2ef5ab1ed632c523291d6b8e98673c4670675a93d6820aa9ec1e105f86df8fe9caa0f20f161d950f94a8e266b69617279ef21e38433302ca71f587c8', 4, '2023-06-04 16:33:07');

-- --------------------------------------------------------

--
-- Structure de la table `utilisateur`
--

CREATE TABLE `utilisateur` (
  `idUser` int(11) NOT NULL,
  `photoProfil` longtext DEFAULT NULL,
  `pseudoUser` varchar(50) DEFAULT NULL,
  `login` varchar(50) DEFAULT NULL,
  `email` varchar(50) NOT NULL,
  `password` varchar(255) DEFAULT NULL
) ENGINE=InnoDB DEFAULT CHARSET=utf8;

--
-- Déchargement des données de la table `utilisateur`
--

INSERT INTO `utilisateur` (`idUser`, `photoProfil`, `pseudoUser`, `login`, `email`, `password`) VALUES
(3, 'data:image/png;base64,iVBORw0KGgoAAAANSUhEUgAAALgAAAC4CAIAAADfUbGQAAAACXBIWXMAAAsTAAALEwEAmpwYAAAKT2lDQ1BQaG90b3Nob3AgSUNDIHByb2ZpbGUAAHjanVNnVFPpFj333vRCS4iAlEtvUhUIIFJCi4AUkSYqIQkQSoghodkVUcERRUUEG8igiAOOjoCMFVEsDIoK2AfkIaKOg6OIisr74Xuja9a89+bN/rXXPues852zzwfACAyWSDNRNYAMqUIeEeCDx8TG4eQuQIEKJHAAEAizZCFz/SMBAPh+PDwrIsAHvgABeNMLCADATZvAMByH/w/qQplcAYCEAcB0kThLCIAUAEB6jkKmAEBGAYCdmCZTAKAEAGDLY2LjAFAtAGAnf+bTAICd+Jl7AQBblCEVAaCRACATZYhEAGg7AKzPVopFAFgwABRmS8Q5ANgtADBJV2ZIALC3AMDOEAuyAAgMADBRiIUpAAR7AGDIIyN4AISZABRG8lc88SuuEOcqAAB4mbI8uSQ5RYFbCC1xB1dXLh4ozkkXKxQ2YQJhmkAuwnmZGTKBNA/g88wAAKCRFRHgg/P9eM4Ors7ONo62Dl8t6r8G/yJiYuP+5c+rcEAAAOF0ftH+LC+zGoA7BoBt/qIl7gRoXgugdfeLZrIPQLUAoOnaV/Nw+H48PEWhkLnZ2eXk5NhKxEJbYcpXff5nwl/AV/1s+X48/Pf14L7iJIEyXYFHBPjgwsz0TKUcz5IJhGLc5o9H/LcL//wd0yLESWK5WCoU41EScY5EmozzMqUiiUKSKcUl0v9k4t8s+wM+3zUAsGo+AXuRLahdYwP2SycQWHTA4vcAAPK7b8HUKAgDgGiD4c93/+8//UegJQCAZkmScQAAXkQkLlTKsz/HCAAARKCBKrBBG/TBGCzABhzBBdzBC/xgNoRCJMTCQhBCCmSAHHJgKayCQiiGzbAdKmAv1EAdNMBRaIaTcA4uwlW4Dj1wD/phCJ7BKLyBCQRByAgTYSHaiAFiilgjjggXmYX4IcFIBBKLJCDJiBRRIkuRNUgxUopUIFVIHfI9cgI5h1xGupE7yAAygvyGvEcxlIGyUT3UDLVDuag3GoRGogvQZHQxmo8WoJvQcrQaPYw2oefQq2gP2o8+Q8cwwOgYBzPEbDAuxsNCsTgsCZNjy7EirAyrxhqwVqwDu4n1Y8+xdwQSgUXACTYEd0IgYR5BSFhMWE7YSKggHCQ0EdoJNwkDhFHCJyKTqEu0JroR+cQYYjIxh1hILCPWEo8TLxB7iEPENyQSiUMyJ7mQAkmxpFTSEtJG0m5SI+ksqZs0SBojk8naZGuyBzmULCAryIXkneTD5DPkG+Qh8lsKnWJAcaT4U+IoUspqShnlEOU05QZlmDJBVaOaUt2ooVQRNY9aQq2htlKvUYeoEzR1mjnNgxZJS6WtopXTGmgXaPdpr+h0uhHdlR5Ol9BX0svpR+iX6AP0dwwNhhWDx4hnKBmbGAcYZxl3GK+YTKYZ04sZx1QwNzHrmOeZD5lvVVgqtip8FZHKCpVKlSaVGyovVKmqpqreqgtV81XLVI+pXlN9rkZVM1PjqQnUlqtVqp1Q61MbU2epO6iHqmeob1Q/pH5Z/YkGWcNMw09DpFGgsV/jvMYgC2MZs3gsIWsNq4Z1gTXEJrHN2Xx2KruY/R27iz2qqaE5QzNKM1ezUvOUZj8H45hx+Jx0TgnnKKeX836K3hTvKeIpG6Y0TLkxZVxrqpaXllirSKtRq0frvTau7aedpr1Fu1n7gQ5Bx0onXCdHZ4/OBZ3nU9lT3acKpxZNPTr1ri6qa6UbobtEd79up+6Ynr5egJ5Mb6feeb3n+hx9L/1U/W36p/VHDFgGswwkBtsMzhg8xTVxbzwdL8fb8VFDXcNAQ6VhlWGX4YSRudE8o9VGjUYPjGnGXOMk423GbcajJgYmISZLTepN7ppSTbmmKaY7TDtMx83MzaLN1pk1mz0x1zLnm+eb15vft2BaeFostqi2uGVJsuRaplnutrxuhVo5WaVYVVpds0atna0l1rutu6cRp7lOk06rntZnw7Dxtsm2qbcZsOXYBtuutm22fWFnYhdnt8Wuw+6TvZN9un2N/T0HDYfZDqsdWh1+c7RyFDpWOt6azpzuP33F9JbpL2dYzxDP2DPjthPLKcRpnVOb00dnF2e5c4PziIuJS4LLLpc+Lpsbxt3IveRKdPVxXeF60vWdm7Obwu2o26/uNu5p7ofcn8w0nymeWTNz0MPIQ+BR5dE/C5+VMGvfrH5PQ0+BZ7XnIy9jL5FXrdewt6V3qvdh7xc+9j5yn+M+4zw33jLeWV/MN8C3yLfLT8Nvnl+F30N/I/9k/3r/0QCngCUBZwOJgUGBWwL7+Hp8Ib+OPzrbZfay2e1BjKC5QRVBj4KtguXBrSFoyOyQrSH355jOkc5pDoVQfujW0Adh5mGLw34MJ4WHhVeGP45wiFga0TGXNXfR3ENz30T6RJZE3ptnMU85ry1KNSo+qi5qPNo3ujS6P8YuZlnM1VidWElsSxw5LiquNm5svt/87fOH4p3iC+N7F5gvyF1weaHOwvSFpxapLhIsOpZATIhOOJTwQRAqqBaMJfITdyWOCnnCHcJnIi/RNtGI2ENcKh5O8kgqTXqS7JG8NXkkxTOlLOW5hCepkLxMDUzdmzqeFpp2IG0yPTq9MYOSkZBxQqohTZO2Z+pn5mZ2y6xlhbL+xW6Lty8elQfJa7OQrAVZLQq2QqboVFoo1yoHsmdlV2a/zYnKOZarnivN7cyzytuQN5zvn//tEsIS4ZK2pYZLVy0dWOa9rGo5sjxxedsK4xUFK4ZWBqw8uIq2Km3VT6vtV5eufr0mek1rgV7ByoLBtQFr6wtVCuWFfevc1+1dT1gvWd+1YfqGnRs+FYmKrhTbF5cVf9go3HjlG4dvyr+Z3JS0qavEuWTPZtJm6ebeLZ5bDpaql+aXDm4N2dq0Dd9WtO319kXbL5fNKNu7g7ZDuaO/PLi8ZafJzs07P1SkVPRU+lQ27tLdtWHX+G7R7ht7vPY07NXbW7z3/T7JvttVAVVN1WbVZftJ+7P3P66Jqun4lvttXa1ObXHtxwPSA/0HIw6217nU1R3SPVRSj9Yr60cOxx++/p3vdy0NNg1VjZzG4iNwRHnk6fcJ3/ceDTradox7rOEH0x92HWcdL2pCmvKaRptTmvtbYlu6T8w+0dbq3nr8R9sfD5w0PFl5SvNUyWna6YLTk2fyz4ydlZ19fi753GDborZ752PO32oPb++6EHTh0kX/i+c7vDvOXPK4dPKy2+UTV7hXmq86X23qdOo8/pPTT8e7nLuarrlca7nuer21e2b36RueN87d9L158Rb/1tWeOT3dvfN6b/fF9/XfFt1+cif9zsu72Xcn7q28T7xf9EDtQdlD3YfVP1v+3Njv3H9qwHeg89HcR/cGhYPP/pH1jw9DBY+Zj8uGDYbrnjg+OTniP3L96fynQ89kzyaeF/6i/suuFxYvfvjV69fO0ZjRoZfyl5O/bXyl/erA6xmv28bCxh6+yXgzMV70VvvtwXfcdx3vo98PT+R8IH8o/2j5sfVT0Kf7kxmTk/8EA5jz/GMzLdsAADoyaVRYdFhNTDpjb20uYWRvYmUueG1wAAAAAAA8P3hwYWNrZXQgYmVnaW49Iu+7vyIgaWQ9Ilc1TTBNcENlaGlIenJlU3pOVGN6a2M5ZCI/Pgo8eDp4bXBtZXRhIHhtbG5zOng9ImFkb2JlOm5zOm1ldGEvIiB4OnhtcHRrPSJBZG9iZSBYTVAgQ29yZSA1LjYtYzA2NyA3OS4xNTc3NDcsIDIwMTUvMDMvMzAtMjM6NDA6NDIgICAgICAgICI+CiAgIDxyZGY6UkRGIHhtbG5zOnJkZj0iaHR0cDovL3d3dy53My5vcmcvMTk5OS8wMi8yMi1yZGYtc3ludGF4LW5zIyI+CiAgICAgIDxyZGY6RGVzY3JpcHRpb24gcmRmOmFib3V0PSIiCiAgICAgICAgICAgIHhtbG5zOnhtcD0iaHR0cDovL25zLmFkb2JlLmNvbS94YXAvMS4wLyIKICAgICAgICAgICAgeG1sbnM6eG1wTU09Imh0dHA6Ly9ucy5hZG9iZS5jb20veGFwLzEuMC9tbS8iCiAgICAgICAgICAgIHhtbG5zOnN0RXZ0PSJodHRwOi8vbnMuYWRvYmUuY29tL3hhcC8xLjAvc1R5cGUvUmVzb3VyY2VFdmVudCMiCiAgICAgICAgICAgIHhtbG5zOmRjPSJodHRwOi8vcHVybC5vcmcvZGMvZWxlbWVudHMvMS4xLyIKICAgICAgICAgICAgeG1sbnM6cGhvdG9zaG9wPSJodHRwOi8vbnMuYWRvYmUuY29tL3Bob3Rvc2hvcC8xLjAvIgogICAgICAgICAgICB4bWxuczp0aWZmPSJodHRwOi8vbnMuYWRvYmUuY29tL3RpZmYvMS4wLyIKICAgICAgICAgICAgeG1sbnM6ZXhpZj0iaHR0cDovL25zLmFkb2JlLmNvbS9leGlmLzEuMC8iPgogICAgICAgICA8eG1wOkNyZWF0b3JUb29sPkFkb2JlIFBob3Rvc2hvcCBDQyAyMDE1IChXaW5kb3dzKTwveG1wOkNyZWF0b3JUb29sPgogICAgICAgICA8eG1wOkNyZWF0ZURhdGU+MjAxNy0wNi0xNVQxNzozMjowMy0wNzowMDwveG1wOkNyZWF0ZURhdGU+CiAgICAgICAgIDx4bXA6TWV0YWRhdGFEYXRlPjIwMTctMDYtMTVUMTc6MzI6MDMtMDc6MDA8L3htcDpNZXRhZGF0YURhdGU+CiAgICAgICAgIDx4bXA6TW9kaWZ5RGF0ZT4yMDE3LTA2LTE1VDE3OjMyOjAzLTA3OjAwPC94bXA6TW9kaWZ5RGF0ZT4KICAgICAgICAgPHhtcE1NOkluc3RhbmNlSUQ+eG1wLmlpZDphZmJiNDQ5YS1iYzQwLWE1NDYtYmY5MC1hNWM1NTFmYzgyNWU8L3htcE1NOkluc3RhbmNlSUQ+CiAgICAgICAgIDx4bXBNTTpEb2N1bWVudElEPmFkb2JlOmRvY2lkOnBob3Rvc2hvcDozM2NmM2RmYi01MjJiLTExZTctODFhNi1kMDhjZGMwMjIwMjY8L3htcE1NOkRvY3VtZW50SUQ+CiAgICAgICAgIDx4bXBNTTpPcmlnaW5hbERvY3VtZW50SUQ+eG1wLmRpZDphN2M0MjBjNy1lMDg5LTBkNDktYTk2Ny1lMGRkZjgyZDliZmU8L3htcE1NOk9yaWdpbmFsRG9jdW1lbnRJRD4KICAgICAgICAgPHhtcE1NOkhpc3Rvcnk+CiAgICAgICAgICAgIDxyZGY6U2VxPgogICAgICAgICAgICAgICA8cmRmOmxpIHJkZjpwYXJzZVR5cGU9IlJlc291cmNlIj4KICAgICAgICAgICAgICAgICAgPHN0RXZ0OmFjdGlvbj5jcmVhdGVkPC9zdEV2dDphY3Rpb24+CiAgICAgICAgICAgICAgICAgIDxzdEV2dDppbnN0YW5jZUlEPnhtcC5paWQ6YTdjNDIwYzctZTA4OS0wZDQ5LWE5NjctZTBkZGY4MmQ5YmZlPC9zdEV2dDppbnN0YW5jZUlEPgogICAgICAgICAgICAgICAgICA8c3RFdnQ6d2hlbj4yMDE3LTA2LTE1VDE3OjMyOjAzLTA3OjAwPC9zdEV2dDp3aGVuPgogICAgICAgICAgICAgICAgICA8c3RFdnQ6c29mdHdhcmVBZ2VudD5BZG9iZSBQaG90b3Nob3AgQ0MgMjAxNSAoV2luZG93cyk8L3N0RXZ0OnNvZnR3YXJlQWdlbnQ+CiAgICAgICAgICAgICAgIDwvcmRmOmxpPgogICAgICAgICAgICAgICA8cmRmOmxpIHJkZjpwYXJzZVR5cGU9IlJlc291cmNlIj4KICAgICAgICAgICAgICAgICAgPHN0RXZ0OmFjdGlvbj5zYXZlZDwvc3RFdnQ6YWN0aW9uPgogICAgICAgICAgICAgICAgICA8c3RFdnQ6aW5zdGFuY2VJRD54bXAuaWlkOmFmYmI0NDlhLWJjNDAtYTU0Ni1iZjkwLWE1YzU1MWZjODI1ZTwvc3RFdnQ6aW5zdGFuY2VJRD4KICAgICAgICAgICAgICAgICAgPHN0RXZ0OndoZW4+MjAxNy0wNi0xNVQxNzozMjowMy0wNzowMDwvc3RFdnQ6d2hlbj4KICAgICAgICAgICAgICAgICAgPHN0RXZ0OnNvZnR3YXJlQWdlbnQ+QWRvYmUgUGhvdG9zaG9wIENDIDIwMTUgKFdpbmRvd3MpPC9zdEV2dDpzb2Z0d2FyZUFnZW50PgogICAgICAgICAgICAgICAgICA8c3RFdnQ6Y2hhbmdlZD4vPC9zdEV2dDpjaGFuZ2VkPgogICAgICAgICAgICAgICA8L3JkZjpsaT4KICAgICAgICAgICAgPC9yZGY6U2VxPgogICAgICAgICA8L3htcE1NOkhpc3Rvcnk+CiAgICAgICAgIDxkYzpmb3JtYXQ+aW1hZ2UvcG5nPC9kYzpmb3JtYXQ+CiAgICAgICAgIDxwaG90b3Nob3A6Q29sb3JNb2RlPjM8L3Bob3Rvc2hvcDpDb2xvck1vZGU+CiAgICAgICAgIDxwaG90b3Nob3A6SUNDUHJvZmlsZT5zUkdCIElFQzYxOTY2LTIuMTwvcGhvdG9zaG9wOklDQ1Byb2ZpbGU+CiAgICAgICAgIDx0aWZmOk9yaWVudGF0aW9uPjE8L3RpZmY6T3JpZW50YXRpb24+CiAgICAgICAgIDx0aWZmOlhSZXNvbHV0aW9uPjcyMDAwMC8xMDAwMDwvdGlmZjpYUmVzb2x1dGlvbj4KICAgICAgICAgPHRpZmY6WVJlc29sdXRpb24+NzIwMDAwLzEwMDAwPC90aWZmOllSZXNvbHV0aW9uPgogICAgICAgICA8dGlmZjpSZXNvbHV0aW9uVW5pdD4yPC90aWZmOlJlc29sdXRpb25Vbml0PgogICAgICAgICA8ZXhpZjpDb2xvclNwYWNlPjE8L2V4aWY6Q29sb3JTcGFjZT4KICAgICAgICAgPGV4aWY6UGl4ZWxYRGltZW5zaW9uPjE4NDwvZXhpZjpQaXhlbFhEaW1lbnNpb24+CiAgICAgICAgIDxleGlmOlBpeGVsWURpbWVuc2lvbj4xODQ8L2V4aWY6UGl4ZWxZRGltZW5zaW9uPgogICAgICA8L3JkZjpEZXNjcmlwdGlvbj4KICAgPC9yZGY6UkRGPgo8L3g6eG1wbWV0YT4KICAgICAgICAgICAgICAgICAgICAgICAgICAgICAgICAgICAgICAgICAgICAgICAgICAgICAgICAgICAgICAgICAgICAgICAgICAgICAgICAgICAgICAgICAgICAgICAgICAgIAogICAgICAgICAgICAgICAgICAgICAgICAgICAgICAgICAgICAgICAgICAgICAgICAgICAgICAgICAgICAgICAgICAgICAgICAgICAgICAgICAgICAgICAgICAgICAgICAgICAgCiAgICAgICAgICAgICAgICAgICAgICAgICAgICAgICAgICAgICAgICAgICAgICAgICAgICAgICAgICAgICAgICAgICAgICAgICAgICAgICAgICAgICAgICAgICAgICAgICAgICAKICAgICAgICAgICAgICAgICAgICAgICAgICAgICAgICAgICAgICAgICAgICAgICAgICAgICAgICAgICAgICAgICAgICAgICAgICAgICAgICAgICAgICAgICAgICAgICAgICAgIAogICAgICAgICAgICAgICAgICAgICAgICAgICAgICAgICAgICAgICAgICAgICAgICAgICAgICAgICAgICAgICAgICAgICAgICAgICAgICAgICAgICAgICAgICAgICAgICAgICAgCiAgICAgICAgICAgICAgICAgICAgICAgICAgICAgICAgICAgICAgICAgICAgICAgICAgICAgICAgICAgICAgICAgICAgICAgICAgICAgICAgICAgICAgICAgICAgICAgICAgICAKICAgICAgICAgICAgICAgICAgICAgICAgICAgICAgICAgICAgICAgICAgICAgICAgICAgICAgICAgICAgICAgICAgICAgICAgICAgICAgICAgICAgICAgICAgICAgICAgICAgIAogICAgICAgICAgICAgICAgICAgICAgICAgICAgICAgICAgICAgICAgICAgICAgICAgICAgICAgICAgICAgICAgICAgICAgICAgICAgICAgICAgICAgICAgICAgICAgICAgICAgCiAgICAgICAgICAgICAgICAgICAgICAgICAgICAgICAgICAgICAgICAgICAgICAgICAgICAgICAgICAgICAgICAgICAgICAgICAgICAgICAgICAgICAgICAgICAgICAgICAgICAKICAgICAgICAgICAgICAgICAgICAgICAgICAgICAgICAgICAgICAgICAgICAgICAgICAgICAgICAgICAgICAgICAgICAgICAgICAgICAgICAgICAgICAgICAgICAgICAgICAgIAogICAgICAgICAgICAgICAgICAgICAgICAgICAgICAgICAgICAgICAgICAgICAgICAgICAgICAgICAgICAgICAgICAgICAgICAgICAgICAgICAgICAgICAgICAgICAgICAgICAgCiAgICAgICAgICAgICAgICAgICAgICAgICAgICAgICAgICAgICAgICAgICAgICAgICAgICAgICAgICAgICAgICAgICAgICAgICAgICAgICAgICAgICAgICAgICAgICAgICAgICAKICAgICAgICAgICAgICAgICAgICAgICAgICAgICAgICAgICAgICAgICAgICAgICAgICAgICAgICAgICAgICAgICAgICAgICAgICAgICAgICAgICAgICAgICAgICAgICAgICAgIAogICAgICAgICAgICAgICAgICAgICAgICAgICAgICAgICAgICAgICAgICAgICAgICAgICAgICAgICAgICAgICAgICAgICAgICAgICAgICAgICAgICAgICAgICAgICAgICAgICAgCiAgICAgICAgICAgICAgICAgICAgICAgICAgICAgICAgICAgICAgICAgICAgICAgICAgICAgICAgICAgICAgICAgICAgICAgICAgICAgICAgICAgICAgICAgICAgICAgICAgICAKICAgICAgICAgICAgICAgICAgICAgICAgICAgICAgICAgICAgICAgICAgICAgICAgICAgICAgICAgICAgICAgICAgICAgICAgICAgICAgICAgICAgICAgICAgICAgICAgICAgIAogICAgICAgICAgICAgICAgICAgICAgICAgICAgICAgICAgICAgICAgICAgICAgICAgICAgICAgICAgICAgICAgICAgICAgICAgICAgICAgICAgICAgICAgICAgICAgICAgICAgCiAgICAgICAgICAgICAgICAgICAgICAgICAgICAgICAgICAgICAgICAgICAgICAgICAgICAgICAgICAgICAgICAgICAgICAgICAgICAgICAgICAgICAgICAgICAgICAgICAgICAKICAgICAgICAgICAgICAgICAgICAgICAgICAgICAgICAgICAgICAgICAgICAgICAgICAgICAgICAgICAgICAgICAgICAgICAgICAgICAgICAgICAgICAgICAgICAgICAgICAgIAogICAgICAgICAgICAgICAgICAgICAgICAgICAgICAgICAgICAgICAgICAgICAgICAgICAgICAgICAgICAgICAgICAgICAgICAgICAgICAgICAgICAgICAgICAgICAgICAgICAgCiAgICAgICAgICAgICAgICAgICAgICAgICAgICAgICAgICAgICAgICAgICAgICAgICAgICAgICAgICAgICAgICAgICAgICAgICAgICAgICAgICAgICAgICAgICAgICAgICAgICAKICAgICAgICAgICAgICAgICAgICAgICAgICAgICAgICAgICAgICAgICAgICAgICAgICAgICAgICAgICAgICAgICAgICAgICAgICAgICAgICAgICAgICAgICAgICAgICAgICAgIAogICAgICAgICAgICAgICAgICAgICAgICAgICAgICAgICAgICAgICAgICAgICAgICAgICAgICAgICAgICAgICAgICAgICAgICAgICAgICAgICAgICAgICAgICAgICAgICAgICAgCiAgICAgICAgICAgICAgICAgICAgICAgICAgICAgICAgICAgICAgICAgICAgICAgICAgICAgICAgICAgICAgICAgICAgICAgICAgICAgICAgICAgICAgICAgICAgICAgICAgICAKICAgICAgICAgICAgICAgICAgICAgICAgICAgICAgICAgICAgICAgICAgICAgICAgICAgICAgICAgICAgICAgICAgICAgICAgICAgICAgICAgICAgICAgICAgICAgICAgICAgIAogICAgICAgICAgICAgICAgICAgICAgICAgICAgICAgICAgICAgICAgICAgICAgICAgICAgICAgICAgICAgICAgICAgICAgICAgICAgICAgICAgICAgICAgICAgICAgICAgICAgCiAgICAgICAgICAgICAgICAgICAgICAgICAgICAgICAgICAgICAgICAgICAgICAgICAgICAgICAgICAgICAgICAgICAgICAgICAgICAgICAgICAgICAgICAgICAgICAgICAgICAKICAgICAgICAgICAgICAgICAgICAgICAgICAgICAgICAgICAgICAgICAgICAgICAgICAgICAgICAgICAgICAgICAgICAgICAgICAgICAgICAgICAgICAgICAgICAgICAgICAgIAogICAgICAgICAgICAgICAgICAgICAgICAgICAgICAgICAgICAgICAgICAgICAgICAgICAgICAgICAgICAgICAgICAgICAgICAgICAgICAgICAgICAgICAgICAgICAgICAgICAgCiAgICAgICAgICAgICAgICAgICAgICAgICAgICAgICAgICAgICAgICAgICAgICAgICAgICAgICAgICAgICAgICAgICAgICAgICAgICAgICAgICAgICAgICAgICAgICAgICAgICAKICAgICAgICAgICAgICAgICAgICAgICAgICAgICAgICAgICAgICAgICAgICAgICAgICAgICAgICAgICAgICAgICAgICAgICAgICAgICAgICAgICAgICAgICAgICAgICAgICAgIAogICAgICAgICAgICAgICAgICAgICAgICAgICAgICAgICAgICAgICAgICAgICAgICAgICAgICAgICAgICAgICAgICAgICAgICAgICAgICAgICAgICAgICAgICAgICAgICAgICAgCiAgICAgICAgICAgICAgICAgICAgICAgICAgICAgICAgICAgICAgICAgICAgICAgICAgICAgICAgICAgICAgICAgICAgICAgICAgICAgICAgICAgICAgICAgICAgICAgICAgICAKICAgICAgICAgICAgICAgICAgICAgICAgICAgICAgICAgICAgICAgICAgICAgICAgICAgICAgICAgICAgICAgICAgICAgICAgICAgICAgICAgICAgICAgICAgICAgICAgICAgIAogICAgICAgICAgICAgICAgICAgICAgICAgICAgICAgICAgICAgICAgICAgICAgICAgICAgICAgICAgICAgICAgICAgICAgICAgICAgICAgICAgICAgICAgICAgICAgICAgICAgCiAgICAgICAgICAgICAgICAgICAgICAgICAgICAgICAgICAgICAgICAgICAgICAgICAgICAgICAgICAgICAgICAgICAgICAgICAgICAgICAgICAgICAgICAgICAgICAgICAgICAKICAgICAgICAgICAgICAgICAgICAgICAgICAgICAgICAgICAgICAgICAgICAgICAgICAgICAgICAgICAgICAgICAgICAgICAgICAgICAgICAgICAgICAgICAgICAgICAgICAgIAogICAgICAgICAgICAgICAgICAgICAgICAgICAgICAgICAgICAgICAgICAgICAgICAgICAgICAgICAgICAgICAgICAgICAgICAgICAgICAgICAgICAgICAgICAgICAgICAgICAgCiAgICAgICAgICAgICAgICAgICAgICAgICAgICAgICAgICAgICAgICAgICAgICAgICAgICAgICAgICAgICAgICAgICAgICAgICAgICAgICAgICAgICAgICAgICAgICAgICAgICAKICAgICAgICAgICAgICAgICAgICAgICAgICAgICAgICAgICAgICAgICAgICAgICAgICAgICAgICAgICAgICAgICAgICAgICAgICAgICAgICAgICAgICAgICAgICAgICAgICAgIAogICAgICAgICAgICAgICAgICAgICAgICAgICAgICAgICAgICAgICAgICAgICAgICAgICAgICAgICAgICAgICAgICAgICAgICAgICAgICAgICAgICAgICAgICAgICAgICAgICAgCiAgICAgICAgICAgICAgICAgICAgICAgICAgICAgICAgICAgICAgICAgICAgICAgICAgICAgICAgICAgICAgICAgICAgICAgICAgICAgICAgICAgICAgICAgICAgICAgICAgICAKICAgICAgICAgICAgICAgICAgICAgICAgICAgICAgICAgICAgICAgICAgICAgICAgICAgICAgICAgICAgICAgICAgICAgICAgICAgICAgICAgICAgICAgICAgICAgICAgICAgIAogICAgICAgICAgICAgICAgICAgICAgICAgICAgICAgICAgICAgICAgICAgICAgICAgICAgICAgICAgICAgICAgICAgICAgICAgICAgICAgICAgICAgICAgICAgICAgICAgICAgCiAgICAgICAgICAgICAgICAgICAgICAgICAgICAgICAgICAgICAgICAgICAgICAgICAgICAgICAgICAgICAgICAgICAgICAgICAgICAgICAgICAgICAgICAgICAgICAgICAgICAKICAgICAgICAgICAgICAgICAgICAgICAgICAgICAgICAgICAgICAgICAgICAgICAgICAgICAgICAgICAgICAgICAgICAgICAgICAgICAgICAgICAgICAgICAgICAgICAgICAgIAogICAgICAgICAgICAgICAgICAgICAgICAgICAgICAgICAgICAgICAgICAgICAgICAgICAgICAgICAgICAgICAgICAgICAgICAgICAgICAgICAgICAgICAgICAgICAgICAgICAgCiAgICAgICAgICAgICAgICAgICAgICAgICAgICAgICAgICAgICAgICAgICAgICAgICAgICAgICAgICAgICAgICAgICAgICAgICAgICAgICAgICAgICAgICAgICAgICAgICAgICAKICAgICAgICAgICAgICAgICAgICAgICAgICAgICAgICAgICAgICAgICAgICAgICAgICAgICAgICAgICAgICAgICAgICAgICAgICAgICAgICAgICAgICAgICAgICAgICAgICAgIAogICAgICAgICAgICAgICAgICAgICAgICAgICAgICAgICAgICAgICAgICAgICAgICAgICAgICAgICAgICAgICAgICAgICAgICAgICAgICAgICAgICAgICAgICAgICAgICAgICAgCiAgICAgICAgICAgICAgICAgICAgICAgICAgICAgICAgICAgICAgICAgICAgICAgICAgICAgICAgICAgICAgICAgICAgICAgICAgICAgICAgICAgICAgICAgICAgICAgICAgICAKICAgICAgICAgICAgICAgICAgICAgICAgICAgICAgICAgICAgICAgICAgICAgICAgICAgICAgICAgICAgICAgICAgICAgICAgICAgICAgICAgICAgICAgICAgICAgICAgICAgIAogICAgICAgICAgICAgICAgICAgICAgICAgICAgICAgICAgICAgICAgICAgICAgICAgICAgICAgICAgICAgICAgICAgICAgICAgICAgICAgICAgICAgICAgICAgICAgICAgICAgCiAgICAgICAgICAgICAgICAgICAgICAgICAgICAgICAgICAgICAgICAgICAgICAgICAgICAgICAgICAgICAgICAgICAgICAgICAgICAgICAgICAgICAgICAgICAgICAgICAgICAKICAgICAgICAgICAgICAgICAgICAgICAgICAgICAgICAgICAgICAgICAgICAgICAgICAgICAgICAgICAgICAgICAgICAgICAgICAgICAgICAgICAgICAgICAgICAgICAgICAgIAogICAgICAgICAgICAgICAgICAgICAgICAgICAgICAgICAgICAgICAgICAgICAgICAgICAgICAgICAgICAgICAgICAgICAgICAgICAgICAgICAgICAgICAgICAgICAgICAgICAgCiAgICAgICAgICAgICAgICAgICAgICAgICAgICAgICAgICAgICAgICAgICAgICAgICAgICAgICAgICAgICAgICAgICAgICAgICAgICAgICAgICAgICAgICAgICAgICAgICAgICAKICAgICAgICAgICAgICAgICAgICAgICAgICAgICAgICAgICAgICAgICAgICAgICAgICAgICAgICAgICAgICAgICAgICAgICAgICAgICAgICAgICAgICAgICAgICAgICAgICAgIAogICAgICAgICAgICAgICAgICAgICAgICAgICAgICAgICAgICAgICAgICAgICAgICAgICAgICAgICAgICAgICAgICAgICAgICAgICAgICAgICAgICAgICAgICAgICAgICAgICAgCiAgICAgICAgICAgICAgICAgICAgICAgICAgICAgICAgICAgICAgICAgICAgICAgICAgICAgICAgICAgICAgICAgICAgICAgICAgICAgICAgICAgICAgICAgICAgICAgICAgICAKICAgICAgICAgICAgICAgICAgICAgICAgICAgICAgICAgICAgICAgICAgICAgICAgICAgICAgICAgICAgICAgICAgICAgICAgICAgICAgICAgICAgICAgICAgICAgICAgICAgIAogICAgICAgICAgICAgICAgICAgICAgICAgICAgICAgICAgICAgICAgICAgICAgICAgICAgICAgICAgICAgICAgICAgICAgICAgICAgICAgICAgICAgICAgICAgICAgICAgICAgCiAgICAgICAgICAgICAgICAgICAgICAgICAgICAgICAgICAgICAgICAgICAgICAgICAgICAgICAgICAgICAgICAgICAgICAgICAgICAgICAgICAgICAgICAgICAgICAgICAgICAKICAgICAgICAgICAgICAgICAgICAgICAgICAgICAgICAgICAgICAgICAgICAgICAgICAgICAgICAgICAgICAgICAgICAgICAgICAgICAgICAgICAgICAgICAgICAgICAgICAgIAogICAgICAgICAgICAgICAgICAgICAgICAgICAgICAgICAgICAgICAgICAgICAgICAgICAgICAgICAgICAgICAgICAgICAgICAgICAgICAgICAgICAgICAgICAgICAgICAgICAgCiAgICAgICAgICAgICAgICAgICAgICAgICAgICAgICAgICAgICAgICAgICAgICAgICAgICAgICAgICAgICAgICAgICAgICAgICAgICAgICAgICAgICAgICAgICAgICAgICAgICAKICAgICAgICAgICAgICAgICAgICAgICAgICAgICAgICAgICAgICAgICAgICAgICAgICAgICAgICAgICAgICAgICAgICAgICAgICAgICAgICAgICAgICAgICAgICAgICAgICAgIAogICAgICAgICAgICAgICAgICAgICAgICAgICAgICAgICAgICAgICAgICAgICAgICAgICAgICAgICAgICAgICAgICAgICAgICAgICAgICAgICAgICAgICAgICAgICAgICAgICAgCiAgICAgICAgICAgICAgICAgICAgICAgICAgICAgICAgICAgICAgICAgICAgICAgICAgICAgICAgICAgICAgICAgICAgICAgICAgICAgICAgICAgICAgICAgICAgICAgICAgICAKICAgICAgICAgICAgICAgICAgICAgICAgICAgICAgICAgICAgICAgICAgICAgICAgICAgICAgICAgICAgICAgICAgICAgICAgICAgICAgICAgICAgICAgICAgICAgICAgICAgIAogICAgICAgICAgICAgICAgICAgICAgICAgICAgICAgICAgICAgICAgICAgICAgICAgICAgICAgICAgICAgICAgICAgICAgICAgICAgICAgICAgICAgICAgICAgICAgICAgICAgCiAgICAgICAgICAgICAgICAgICAgICAgICAgICAgICAgICAgICAgICAgICAgICAgICAgICAgICAgICAgICAgICAgICAgICAgICAgICAgICAgICAgICAgICAgICAgICAgICAgICAKICAgICAgICAgICAgICAgICAgICAgICAgICAgICAgICAgICAgICAgICAgICAgICAgICAgICAgICAgICAgICAgICAgICAgICAgICAgICAgICAgICAgICAgICAgICAgICAgICAgIAogICAgICAgICAgICAgICAgICAgICAgICAgICAgICAgICAgICAgICAgICAgICAgICAgICAgICAgICAgICAgICAgICAgICAgICAgICAgICAgICAgICAgICAgICAgICAgICAgICAgCiAgICAgICAgICAgICAgICAgICAgICAgICAgICAgICAgICAgICAgICAgICAgICAgICAgICAgICAgICAgICAgICAgICAgICAgICAgICAgICAgICAgICAgICAgICAgICAgICAgICAKICAgICAgICAgICAgICAgICAgICAgICAgICAgICAgICAgICAgICAgICAgICAgICAgICAgICAgICAgICAgICAgICAgICAgICAgICAgICAgICAgICAgICAgICAgICAgICAgICAgIAogICAgICAgICAgICAgICAgICAgICAgICAgICAgICAgICAgICAgICAgICAgICAgICAgICAgICAgICAgICAgICAgICAgICAgICAgICAgICAgICAgICAgICAgICAgICAgICAgICAgCiAgICAgICAgICAgICAgICAgICAgICAgICAgICAgICAgICAgICAgICAgICAgICAgICAgICAgICAgICAgICAgICAgICAgICAgICAgICAgICAgICAgICAgICAgICAgICAgICAgICAKICAgICAgICAgICAgICAgICAgICAgICAgICAgICAgICAgICAgICAgICAgICAgICAgICAgICAgICAgICAgICAgICAgICAgICAgICAgICAgICAgICAgICAgICAgICAgICAgICAgIAogICAgICAgICAgICAgICAgICAgICAgICAgICAgICAgICAgICAgICAgICAgICAgICAgICAgICAgICAgICAgICAgICAgICAgICAgICAgICAgICAgICAgICAgICAgICAgICAgICAgCiAgICAgICAgICAgICAgICAgICAgICAgICAgICAgICAgICAgICAgICAgICAgICAgICAgICAgICAgICAgICAgICAgICAgICAgICAgICAgICAgICAgICAgICAgICAgICAgICAgICAKICAgICAgICAgICAgICAgICAgICAgICAgICAgICAgICAgICAgICAgICAgICAgICAgICAgICAgICAgICAgICAgICAgICAgICAgICAgICAgICAgICAgICAgICAgICAgICAgICAgIAogICAgICAgICAgICAgICAgICAgICAgICAgICAgICAgICAgICAgICAgICAgICAgICAgICAgICAgICAgICAgICAgICAgICAgICAgICAgICAgICAgICAgICAgICAgICAgICAgICAgCiAgICAgICAgICAgICAgICAgICAgICAgICAgICAgICAgICAgICAgICAgICAgICAgICAgICAgICAgICAgICAgICAgICAgICAgICAgICAgICAgICAgICAgICAgICAgICAgICAgICAKICAgICAgICAgICAgICAgICAgICAgICAgICAgICAgICAgICAgICAgICAgICAgICAgICAgICAgICAgICAgICAgICAgICAgICAgICAgICAgICAgICAgICAgICAgICAgICAgICAgIAogICAgICAgICAgICAgICAgICAgICAgICAgICAgICAgICAgICAgICAgICAgICAgICAgICAgICAgICAgICAgICAgICAgICAgICAgICAgICAgICAgICAgICAgICAgICAgICAgICAgCiAgICAgICAgICAgICAgICAgICAgICAgICAgICAgICAgICAgICAgICAgICAgICAgICAgICAgICAgICAgICAgICAgICAgICAgICAgICAgICAgICAgICAgICAgICAgICAgICAgICAKICAgICAgICAgICAgICAgICAgICAgICAgICAgICAgICAgICAgICAgICAgICAgICAgICAgICAgICAgICAgICAgICAgICAgICAgICAgICAgICAgICAgICAgICAgICAgICAgICAgIAogICAgICAgICAgICAgICAgICAgICAgICAgICAgICAgICAgICAgICAgICAgICAgICAgICAgICAgICAgICAgICAgICAgICAgICAgICAgICAgICAgICAgICAgICAgICAgICAgICAgCiAgICAgICAgICAgICAgICAgICAgICAgICAgICAgICAgICAgICAgICAgICAgICAgICAgICAgICAgICAgICAgICAgICAgICAgICAgICAgICAgICAgICAgICAgICAgICAgICAgICAKICAgICAgICAgICAgICAgICAgICAgICAgICAgICAgICAgICAgICAgICAgICAgICAgICAgICAgICAgICAgICAgICAgICAgICAgICAgICAgICAgICAgICAgICAgICAgICAgICAgIAogICAgICAgICAgICAgICAgICAgICAgICAgICAgICAgICAgICAgICAgICAgICAgICAgICAgICAgICAgICAgICAgICAgICAgICAgICAgICAgICAgICAgICAgICAgICAgICAgICAgCiAgICAgICAgICAgICAgICAgICAgICAgICAgICAgICAgICAgICAgICAgICAgICAgICAgICAgICAgICAgICAgICAgICAgICAgICAgICAgICAgICAgICAgICAgICAgICAgICAgICAKICAgICAgICAgICAgICAgICAgICAgICAgICAgICAgICAgICAgICAgICAgICAgICAgICAgICAgICAgICAgICAgICAgICAgICAgICAgICAgICAgICAgICAgICAgICAgICAgICAgIAogICAgICAgICAgICAgICAgICAgICAgICAgICAgICAgICAgICAgICAgICAgICAgICAgICAgICAgICAgICAgICAgICAgICAgICAgICAgICAgICAgICAgICAgICAgICAgICAgICAgCiAgICAgICAgICAgICAgICAgICAgICAgICAgICAgICAgICAgICAgICAgICAgICAgICAgICAgICAgICAgICAgICAgICAgICAgICAgICAgICAgICAgICAgICAgICAgICAgICAgICAKICAgICAgICAgICAgICAgICAgICAgICAgICAgICAgICAgICAgICAgICAgICAgICAgICAgICAgICAgICAgICAgICAgICAgICAgICAgICAgICAgICAgICAgICAgICAgICAgICAgIAogICAgICAgICAgICAgICAgICAgICAgICAgICAgICAgICAgICAgICAgICAgICAgICAgICAgICAgICAgICAgICAgICAgICAgICAgICAgICAgICAgICAgICAgICAgICAgICAgICAgCiAgICAgICAgICAgICAgICAgICAgICAgICAgICAgICAgICAgICAgICAgICAgICAgICAgICAgICAgICAgICAgICAgICAgICAgICAgICAgICAgICAgICAgICAgICAgICAgICAgICAKICAgICAgICAgICAgICAgICAgICAgICAgICAgICAgICAgICAgICAgICAgICAgICAgICAgICAgICAgICAgICAgICAgICAgICAgICAgICAgICAgICAgICAgICAgICAgICAgICAgIAogICAgICAgICAgICAgICAgICAgICAgICAgICAgICAgICAgICAgICAgICAgICAgICAgICAgICAgICAgICAgICAgICAgICAgICAgICAgICAgICAgICAgICAgICAgICAgICAgICAgCiAgICAgICAgICAgICAgICAgICAgICAgICAgICAgICAgICAgICAgICAgICAgICAgICAgICAgICAgICAgICAgICAgICAgICAgICAgICAgICAgICAgICAgICAgICAgICAgICAgICAKICAgICAgICAgICAgICAgICAgICAgICAgICAgICAgICAgICAgICAgICAgICAgICAgICAgICAgICAgICAgICAgICAgICAgICAgICAgICAgICAgICAgICAgICAgICAgICAgICAgIAogICAgICAgICAgICAgICAgICAgICAgICAgICAgICAgICAgICAgICAgICAgICAgICAgICAgICAgICAgICAgICAgICAgICAgICAgICAgICAgICAgICAgICAgICAgICAgICAgICAgCiAgICAgICAgICAgICAgICAgICAgICAgICAgICAgICAgICAgICAgICAgICAgICAgICAgICAgICAgICAgICAgICAgICAgICAgICAgICAgICAgICAgICAgICAgICAgICAgICAgICAKICAgICAgICAgICAgICAgICAgICAgICAgICAgICAgICAgICAgICAgICAgICAgICAgICAgICAgICAgICAgICAgICAgICAgICAgICAgICAgICAgICAgICAgICAgICAgICAgICAgIAogICAgICAgICAgICAgICAgICAgICAgICAgICAgICAgICAgICAgICAgICAgICAgICAgICAgICAgICAgICAgICAgICAgICAgICAgICAgICAgICAgICAgICAgICAgICAgICAgICAgCiAgICAgICAgICAgICAgICAgICAgICAgICAgICAgICAgICAgICAgICAgICAgICAgICAgICAgICAgICAgICAgICAgICAgICAgICAgICAgICAgICAgICAgICAgICAgICAgICAgICAKICAgICAgICAgICAgICAgICAgICAgICAgICAgICAgICAgICAgICAgICAgICAgICAgICAgICAgICAgICAgICAgICAgICAgICAgICAgICAgICAgICAgICAgICAgICAgICAgICAgIAogICAgICAgICAgICAgICAgICAgICAgICAgICAgICAgICAgICAgICAgICAgICAgICAgICAgICAgICAgICAgICAgICAgICAgICAgICAgICAgICAgICAgICAgICAgICAgICAgICAgCiAgICAgICAgICAgICAgICAgICAgICAgICAgICAgICAgICAgICAgICAgICAgICAgICAgICAgICAgICAgICAgICAgICAgICAgICAgICAgICAgICAgICAgICAgICAgICAgICAgICAKICAgICAgICAgICAgICAgICAgICAgICAgICAgICAgICAgICAgICAgICAgICAgICAgICAgICAgICAgICAgICAgICAgICAgICAgICAgICAgICAgICAgICAgICAgICAgICAgICAgIAogICAgICAgICAgICAgICAgICAgICAgICAgICAgICAgICAgICAgICAgICAgICAgICAgICAgICAgICAgICAgICAgICAgICAgICAgICAgICAgICAgICAgICAgICAgICAgICAgICAgCiAgICAgICAgICAgICAgICAgICAgICAgICAgICAgICAgICAgICAgICAgICAgICAgICAgICAgICAgICAgICAgICAgICAgICAgICAgICAgICAgICAgICAgICAgICAgICAgICAgICAKICAgICAgICAgICAgICAgICAgICAgICAgICAgICAgICAgICAgICAgICAgICAgICAgICAgICAgICAgICAgICAgICAgICAgICAgICAgICAgICAgICAgICAgICAgICAgICAgICAgIAogICAgICAgICAgICAgICAgICAgICAgICAgICAgICAgICAgICAgICAgICAgICAgICAgICAgICAgICAgICAgICAgICAgICAgICAgICAgICAgICAgICAgICAgICAgICAgICAgICAgCiAgICAgICAgICAgICAgICAgICAgICAgICAgICAgICAgICAgICAgICAgICAgICAgICAgICAgICAgICAgICAgICAgICAgICAgICAgICAgICAgICAgICAgICAgICAgICAgICAgICAKICAgICAgICAgICAgICAgICAgICAgICAgICAgICAgICAgICAgICAgICAgICAgICAgICAgICAgICAgICAgICAgICAgICAgICAgICAgICAgICAgICAgICAgICAgICAgICAgICAgIAogICAgICAgICAgICAgICAgICAgICAgICAgICAgICAgICAgICAgICAgICAgICAgICAgICAgICAgICAgICAgICAgICAgICAgICAgICAgICAgICAgICAgICAgICAgICAgICAgICAgCiAgICAgICAgICAgICAgICAgICAgICAgICAgICAKPD94cGFja2V0IGVuZD0idyI/PhhE6n8AAAAgY0hSTQAAeiUAAICDAAD5/wAAgOkAAHUwAADqYAAAOpgAABdvkl/FRgAAB1RJREFUeNrs3V1IU20AwPFzbENcLAu/WFrh7MtwouGFRR9TS8aI6KYLiwiLZRDVgoV9QeWVgkQX0sUgkggqKKOLYJRuVJaEZBdmFyGWZZaLYCXNxLW9F77w8n7VeU6a7jn/3/V5zplP/845Ozs7U+12uwL8TApTAEIBoYBQQCggFBAKQCggFBAKCAWEAkIBoQCEAkIBoYBQQCggFBAKQCggFBAKCAWEAkIBoQCEAkIBoYBQQCggFBAKQCggFBAKCAWEgqRmMvT/kpSUpUuXFhUVFRQULFq0KDs7e968eWlpaYqijI2NffnyJRwOv337dmBgoLe3t7+/Px6PG3auVAM+uVpVVYfD4XK51q1bZ7VaNY4aHR3t7OwMBAK9vb2JRIJQpN5/mkwul2vHjh02m033SoaHh69evRoIBGKxGKFIuBdxuVy1tbVZWVlTssKPHz9eunQpEAgYZO9iiFByc3Pr6+sdDseUr7m3t7epqendu3fSz+GcBQsWyP0XOp3OxsbGvLy86Vh5Tk6Oy+UaHh5+/fo1oSTx4Wb//v0HDhwwm83TtxWz2ex0OtPS0p4+fUooSfnW98SJE1u3bv09mysqKsrLy+vs7JT1lEXOUFRVPXbs2ObNm3/nRu12u81me/ToEaEkDY/Hs23btt+/3YKCArPZ3NPTQyjJcfZ68ODBmdq6w+F48+aNfOe2sn3Wk5ube/To0Zl9DT6fLzc3l1Bm9amJz+ezWCwz+zIsFovP51NVlVBmqaqqqpKSktnwSkpKSjZt2kQos1FqampdXd3seT11dXWpqanSTK88txm43e7MzEx9Y8PhcEdHR09Pz+DgYCQSMZlMWVlZOTk5paWlTqdT3yeIGRkZbrf71q1bkhzW5fisR1XVK1euLFy4UEcifr8/FAr9370mKSkpFRUV+/bty87OFl35+/fvd+7cKcclOEkOPcXFxToq6erqqq2t7ejo+MEdSfF4vKOjo7a2tqurS3T9NputuLhYjhmW5DrK7t27ly1bJjSkra2tsbFxYmJCy8ITExPBYNBqtRYWFgptJZFIyHGtVoY9iqqqa9asERoSCoVaWlqEDgqJRKKlpSUUCgltaO3atXK8T5YhlPz8/Pnz5wudlzQ3N+s4dUgkEs3NzeFwWPuQ9PT0/Px8QpkVRK+d+P3+aDSqb1vRaNTv90/ryyOU6SJ0djIyMiJ6+Pj3YWtkZGSaXh6hTCOhD1aCweAvfusiHo8Hg8FpenmEMo2E7pd+9uzZr29RaCW6LwMSyhRLT0/XvvCrV69+fYtCK5k7dy6hzAqT3+3T6PPnz7++xUgkon3hGf80m1BmbtZSBOZtfHycUGaFsbEx7QtrvBT7Y0uWLNG+8IcPHwhlVpiSo4mQ8vJy7QvL8fUwGW4zqKmp+Z2bU1W1qqpK+/IvX75kj2JE5eXlQoceQjEiVVV37dqlfflYLPb8+XNCMZzq6mqhOw36+vqEzrUJRQZWq9Xj8QgN6e7uluSKAP/82nm93oyMDKEh9+/fJxRjqaysrKysFBry4sWLoaEhQjGQzMxMr9crOuru3bvSzAChaHqnU19fr/2xgJPGx8eF7kYglKRXU1NTVlYmOurevXujo6OEYhRlZWV79+4VHZVIJG7cuCHTPBDKj2RnZ588eVLos+JJwWBwcHCQUAzBbDY3NDQI3d8/KRaLtba2SjYbhPK/vF7vihUrdAxsa2uT5l0xofyE2+12u906BkYikcuXL8s3IYTyH5YvX37kyBF9Y8+dO/f161dCkZ/FYjl9+rTJpOdOnfb29ocPH0o5LYTyT4cPH9bxYARFUYaGhs6fPy/rtBDK32zYsKG6ulrHwPHx8bNnz0p50CGUf7JarfpOTeLxeENDQ39/v8STQyh/8Xg8Oq6aKIpy4cKFx48fyz05hPKnwsLCLVu26Bh47dq1mzdvSj8/hKIoiqKq6qFDh3Q88aa9vV30KRiEktznsCtXrhQd9eTJk6amJoP8AhihKHPmzNmzZ4/oqIGBgTNnzhjnZwUJRVm/fv3ixYuFhkQikePHj3/79s04s0Qoyvbt24WWj8Vip06dEnqSG6EkveLi4lWrVgkNuXjxYl9fn9EmyuihiP5KWHd39/Xr1w04UYYOxWQybdy4UfvyY2Nj+p47SijJbfXq1UL31re2thrt1IRQFEVRSktLtS/86dOn27dvG3auDB2K0EW2O3fuyPGQLUIRJvTLKg8ePDDyXBk6FO3fOE8kEvL98CihaKX9p9yi0ej3798JBT8hx7NiCWXaSfbbtIQCQgGhgFBAKCAUgFBAKCAUzCzVbrczC2CPAkIBoYBQQCggFBAKQCiYIiYj//GhUEj7whUVFexRAEIBoYBQQCggFBAKCAUgFBAKCAWEAkIBocDY+F4P2KOAUEAoIBQQCggFIBQQCggFhAJCAaGAUABCAaGAUEAoIBQQCggFIBQQCggFhAJCAaGAUABCAaGAUEAoIBQQCggFIBQQCggFhAJCAaGAUIBJfwwAgHoStmGbV0UAAAAASUVORK5CYII=', 'admin', 'admin', 'admin@boogle.edmeeleon.fr', '$2y$10$s.HHKAJMA868P74ez.xzKey3PPPESS4zgsyhQQBWyvb4YBB35tzfG'),
(4, NULL, 'soso', 'soso', 'soso@reims.fr', '$2y$10$61JS21Vok3wGm/2KT5mAYOdqnBb/JDCoLJ8D/4.TCZxH17Eu4FQC6'),
(5, NULL, 'test', 'test', 'test@email.fr', '$2y$10$7rE0FTy4GMtWKZrGIL7Ka.Xedbpy5.qUNo3anNRC8zW6WSLozsS5e'),
(6, NULL, 'admin', 'admin', 'test', '$2a$10$x6iXMbXMxWG6uOMEqUmlFOaDx2HoSPi0NWZO7qxh0WrBl3KL5BgNW'),
(7, NULL, 'admien', 'admien', 'test', '$2a$10$5YtiToVwR/jFdr/NnTTuiuqACm8dszEzHolysuv92xmw/1h1LuBdy'),
(8, NULL, 'admien', 'admien', 'test', '$2a$10$QYMO5nmTE2cBpNuV2wUpvOGfQFrvcq2PEaWIDtHyiojWS9oXIPcES'),
(9, NULL, 'MeufCool', 'MeufCool', 'Meuf', '$2a$10$Jxvq8p85YDQYwI.95N4f9e5cgWqO9.DvXb0MopSlAQe8pLMXt.v6a');

-- --------------------------------------------------------

--
-- Structure de la table `verifmail`
--

CREATE TABLE `verifmail` (
  `idVerif` varchar(50) NOT NULL,
  `idLien` varchar(50) DEFAULT NULL,
  `codeVerif` varchar(6) DEFAULT NULL,
  `idUser` varchar(50) NOT NULL
) ENGINE=InnoDB DEFAULT CHARSET=utf8;

--
-- Index pour les tables déchargées
--

--
-- Index pour la table `amis`
--
ALTER TABLE `amis`
  ADD PRIMARY KEY (`idUser1`,`idUser2`),
  ADD KEY `idUser2` (`idUser2`),
  ADD KEY `idUser1` (`idUser1`);

--
-- Index pour la table `chatprive`
--
ALTER TABLE `chatprive`
  ADD PRIMARY KEY (`idChat`);

--
-- Index pour la table `jouer`
--
ALTER TABLE `jouer`
  ADD PRIMARY KEY (`idUser`,`idPartie`);

--
-- Index pour la table `partie`
--
ALTER TABLE `partie`
  ADD PRIMARY KEY (`idPartie`);

--
-- Index pour la table `proposemots`
--
ALTER TABLE `proposemots`
  ADD PRIMARY KEY (`idUser`,`idPartie`,`MotsPropose`);

--
-- Index pour la table `tokens`
--
ALTER TABLE `tokens`
  ADD PRIMARY KEY (`idToken`),
  ADD KEY `idUser` (`idUser`);

--
-- Index pour la table `utilisateur`
--
ALTER TABLE `utilisateur`
  ADD PRIMARY KEY (`idUser`);

--
-- AUTO_INCREMENT pour les tables déchargées
--

--
-- AUTO_INCREMENT pour la table `jouer`
--
ALTER TABLE `jouer`
  MODIFY `idUser` int(11) NOT NULL AUTO_INCREMENT, AUTO_INCREMENT=6;

--
-- AUTO_INCREMENT pour la table `tokens`
--
ALTER TABLE `tokens`
  MODIFY `idToken` int(10) UNSIGNED NOT NULL AUTO_INCREMENT, AUTO_INCREMENT=163;

--
-- AUTO_INCREMENT pour la table `utilisateur`
--
ALTER TABLE `utilisateur`
  MODIFY `idUser` int(11) NOT NULL AUTO_INCREMENT, AUTO_INCREMENT=10;

--
-- Contraintes pour les tables déchargées
--

--
-- Contraintes pour la table `amis`
--
ALTER TABLE `amis`
  ADD CONSTRAINT `amis_ibfk_1` FOREIGN KEY (`idUser1`) REFERENCES `utilisateur` (`idUser`),
  ADD CONSTRAINT `amis_ibfk_2` FOREIGN KEY (`idUser2`) REFERENCES `utilisateur` (`idUser`);

--
-- Contraintes pour la table `tokens`
--
ALTER TABLE `tokens`
  ADD CONSTRAINT `tokens_ibfk_1` FOREIGN KEY (`idUser`) REFERENCES `utilisateur` (`idUser`) ON DELETE CASCADE ON UPDATE CASCADE;
COMMIT;

/*!40101 SET CHARACTER_SET_CLIENT=@OLD_CHARACTER_SET_CLIENT */;
/*!40101 SET CHARACTER_SET_RESULTS=@OLD_CHARACTER_SET_RESULTS */;
/*!40101 SET COLLATION_CONNECTION=@OLD_COLLATION_CONNECTION */;
