-- phpMyAdmin SQL Dump
-- version 5.1.1deb5ubuntu1
-- https://www.phpmyadmin.net/
--
-- Hôte : localhost:3306
-- Généré le : dim. 04 juin 2023 à 16:29
-- Version du serveur : 10.6.12-MariaDB-0ubuntu0.22.04.1
-- Version de PHP : 8.1.2-1ubuntu2.11

SET SQL_MODE = "NO_AUTO_VALUE_ON_ZERO";
START TRANSACTION;
SET time_zone = "+00:00";


/*!40101 SET @OLD_CHARACTER_SET_CLIENT=@@CHARACTER_SET_CLIENT */;
/*!40101 SET @OLD_CHARACTER_SET_RESULTS=@@CHARACTER_SET_RESULTS */;
/*!40101 SET @OLD_COLLATION_CONNECTION=@@COLLATION_CONNECTION */;
/*!40101 SET NAMES utf8mb4 */;

--
-- Base de données : `boogle`
--

-- --------------------------------------------------------

--
-- Structure de la table `amis`
--

CREATE TABLE `amis` (
  `idUser1` int(11) NOT NULL,
  `idUser2` int(11) NOT NULL
) ENGINE=InnoDB DEFAULT CHARSET=utf8mb4 COLLATE=utf8mb4_general_ci;

--
-- Déchargement des données de la table `amis`
--

INSERT INTO `amis` (`idUser1`, `idUser2`) VALUES
(3, 4);

-- --------------------------------------------------------

--
-- Structure de la table `jouer`
--

CREATE TABLE `jouer` (
  `idUser` int(11) NOT NULL,
  `idPartie` varchar(50) NOT NULL
) ENGINE=InnoDB DEFAULT CHARSET=utf8mb3 COLLATE=utf8mb3_general_ci;

--
-- Déchargement des données de la table `jouer`
--

INSERT INTO `jouer` (`idUser`, `idPartie`) VALUES
(3, '021768c2-e202-43ca-8c76-9d36df4717f5'),
(3, '1d79d8b3-b787-4f1e-b9c2-f84347ef4749'),
(3, '23540f64-7eec-4e6c-8064-e86aa670c664'),
(3, '244d385d-780e-4d95-ab9f-3d276f505cda'),
(3, '5238daf0-8455-46db-9c0b-d05c7eaaeb63'),
(3, '5b669ede-6f1d-476a-a85c-361a899261bb'),
(3, '5d089b45-4adf-4116-9d63-d243c1e44153'),
(3, '9879298b-828c-4f06-b4f3-95557297d387'),
(3, 'bc97ccf2-282a-4efb-ba31-1627d3257d40'),
(3, 'bf8d5cbb-b235-4d88-afec-1b7c669a3c7f'),
(3, 'c9ec856a-394a-4a69-b45c-8b1acb123ca9'),
(3, 'e164a9de-b610-45db-acaa-e68214c58ec3'),
(3, 'f44b6e8f-a5e4-415d-8845-8f446f1b9919'),
(4, '021768c2-e202-43ca-8c76-9d36df4717f5'),
(4, '32b052f2-8f82-4bf7-99bc-4f578d7a06f8'),
(4, 'bc97ccf2-282a-4efb-ba31-1627d3257d40'),
(4, 'bf2e165a-aa6a-4891-9d5f-a50b869b5682'),
(4, 'ee6a18cd-3020-4633-a942-76501b69ce38'),
(4, 'f44b6e8f-a5e4-415d-8845-8f446f1b9919');

-- --------------------------------------------------------

--
-- Structure de la table `partie`
--

CREATE TABLE `partie` (
  `idPartie` varchar(50) NOT NULL,
  `idVainqueur` varchar(50) DEFAULT NULL,
  `dimensionsGrille` varchar(10) NOT NULL DEFAULT '4x4',
  `DateDebutPartie` datetime DEFAULT NULL,
  `DateFinPartie` datetime DEFAULT NULL,
  `gameAdmin` int(11) DEFAULT NULL,
  `temps` int(11) NOT NULL DEFAULT 3,
  `politiqueScore` varchar(50) DEFAULT NULL,
  `bloquerMots` tinyint(1) NOT NULL DEFAULT 1,
  `statut` varchar(30) NOT NULL DEFAULT 'lobby',
  `motsTrouves` longtext CHARACTER SET utf8mb4 COLLATE utf8mb4_bin DEFAULT NULL,
  `Grille` longtext DEFAULT NULL
) ENGINE=InnoDB DEFAULT CHARSET=utf8mb3 COLLATE=utf8mb3_general_ci;

--
-- Déchargement des données de la table `partie`
--

INSERT INTO `partie` (`idPartie`, `idVainqueur`, `dimensionsGrille`, `DateDebutPartie`, `DateFinPartie`, `gameAdmin`, `temps`, `politiqueScore`, `bloquerMots`, `statut`, `motsTrouves`, `Grille`) VALUES
('021768c2-e202-43ca-8c76-9d36df4717f5', '4', '4x4', '2023-06-04 14:52:56', '2023-06-04 14:52:56', 4, 1, '1', 0, 'FINISHED', '[null,null,null,[\"RAT\",\"RATS\",\"PR\",\"DE\",\"LE\",\"LES\",\"SA\",\"SAUT\",\"PRA\",\"EAU\",\"DES\"],[\"DE\",\"RE\"]]', '[[\"D\",\"D\",\"E\",\"R\"],[\"P\",\"R\",\"L\",\"S\"],[\"E\",\"A\",\"A\",\"T\"],[\"U\",\"E\",\"U\",\"R\"]]'),
('1125462e-28c7-4b1e-aef6-052c8e6b287e', NULL, '4x4', NULL, NULL, 4, 3, NULL, 1, 'lobby', NULL, NULL),
('183e804d-2c2f-4a48-943e-bd5078873d3c', NULL, '4x4', NULL, NULL, 3, 3, NULL, 1, 'lobby', NULL, NULL),
('1d79d8b3-b787-4f1e-b9c2-f84347ef4749', '3', '4x4', '2023-06-03 17:27:22', '2023-06-03 17:27:22', 3, 3, '1', 0, 'FINISHED', '[null,null,null,[]]', '[[\"R\",\"B\",\"I\",\"S\"],[\"N\",\"O\",\"I\",\"N\"],[\"A\",\"S\",\"I\",\"E\"],[\"P\",\"A\",\"E\",\"M\"]]'),
('1d9f8a64-23ca-4df9-8f21-d5a972cca5ef', NULL, '4x4', NULL, NULL, 4, 3, NULL, 1, 'lobby', NULL, NULL),
('23540f64-7eec-4e6c-8064-e86aa670c664', '3', '4x4', '2023-06-03 17:27:53', '2023-06-03 17:27:53', 3, 3, '1', 0, 'FINISHED', '[null,null,null,[]]', '[[\"F\",\"E\",\"S\",\"F\"],[\"E\",\"O\",\"D\",\"P\"],[\"L\",\"L\",\"L\",\"Z\"],[\"D\",\"E\",\"R\",\"I\"]]'),
('244d385d-780e-4d95-ab9f-3d276f505cda', '3', '4x4', '2023-06-03 17:54:06', '2023-06-03 17:54:06', 3, 3, '1', 0, 'FINISHED', '[null,null,null,[]]', '[[\"V\",\"T\",\"T\",\"E\"],[\"V\",\"O\",\"O\",\"I\"],[\"O\",\"N\",\"I\",\"R\"],[\"S\",\"E\",\"M\",\"S\"]]'),
('32b052f2-8f82-4bf7-99bc-4f578d7a06f8', '4', '4x4', '2023-06-04 14:02:31', '2023-06-04 14:02:31', 4, 1, '1', 0, 'FINISHED', '[null,null,null,null,[]]', '[[\"T\",\"M\",\"S\",\"E\"],[\"N\",\"I\",\"E\",\"E\"],[\"E\",\"S\",\"S\",\"S\"],[\"D\",\"L\",\"L\",\"N\"]]'),
('377f28f7-adc1-467b-974d-61b15b68f4bd', NULL, '4x4', NULL, NULL, 4, 3, NULL, 1, 'lobby', NULL, NULL),
('4c532599-837d-43f6-b9fc-f6addd9c1a6d', NULL, '4x4', NULL, NULL, 4, 3, NULL, 1, 'lobby', NULL, NULL),
('5238daf0-8455-46db-9c0b-d05c7eaaeb63', '3', '4x4', '2023-06-04 16:27:44', '2023-06-04 16:27:44', 3, 3, '1', 0, 'FINISHED', '[null,null,null,[\"MI\",\"DE\",\"EAU\"]]', '[[\"D\",\"E\",\"O\",\"D\"],[\"M\",\"N\",\"I\",\"E\"],[\"D\",\"I\",\"E\",\"A\"],[\"I\",\"O\",\"U\",\"I\"]]'),
('5b669ede-6f1d-476a-a85c-361a899261bb', '3', '4x4', '2023-06-03 17:27:48', '2023-06-03 17:27:48', 3, 3, '1', 0, 'FINISHED', '[null,null,null,[]]', '[[\"S\",\"B\",\"M\",\"I\"],[\"Z\",\"O\",\"D\",\"A\"],[\"I\",\"D\",\"T\",\"F\"],[\"A\",\"Z\",\"E\",\"S\"]]'),
('5d089b45-4adf-4116-9d63-d243c1e44153', '3', '4x4', '2023-06-03 17:53:24', '2023-06-03 17:53:24', 3, 3, '1', 0, 'FINISHED', '[null,null,null,[]]', '[[\"E\",\"R\",\"H\",\"E\"],[\"F\",\"R\",\"G\",\"L\"],[\"N\",\"I\",\"I\",\"U\"],[\"S\",\"B\",\"F\",\"M\"]]'),
('74c8c655-70d3-458d-bf7a-4997fd61204a', NULL, '4x4', NULL, NULL, 4, 3, NULL, 1, 'lobby', NULL, NULL),
('809a038d-3321-4cf2-8f11-2915ff70637c', NULL, '4x4', NULL, NULL, 4, 3, NULL, 1, 'lobby', NULL, NULL),
('9879298b-828c-4f06-b4f3-95557297d387', '3', '4x4', '2023-06-03 17:26:35', '2023-06-03 17:26:35', 3, 3, '1', 0, 'FINISHED', '[null,null,null,[]]', '[[\"F\",\"I\",\"I\",\"R\"],[\"L\",\"P\",\"I\",\"R\"],[\"S\",\"E\",\"E\",\"O\"],[\"A\",\"I\",\"A\",\"I\"]]'),
('9a951372-2b6b-4077-a647-a6046da2b9b2', NULL, '4x4', NULL, NULL, 3, 3, NULL, 1, 'lobby', NULL, NULL),
('a44c2ffc-5b41-4b31-98a8-4945a1806735', NULL, '4x4', NULL, NULL, 3, 3, NULL, 1, 'lobby', NULL, NULL),
('b86d65f5-a301-4b34-a68d-b2a95f94f187', NULL, '4x4', NULL, NULL, 4, 3, NULL, 1, 'lobby', NULL, NULL),
('bc97ccf2-282a-4efb-ba31-1627d3257d40', '4', '2x2', '2023-06-04 15:00:59', '2023-06-04 15:00:59', 4, 1, '1', 0, 'FINISHED', '[null,null,null,[],[]]', '[[\"R\",\"U\"],[\"T\",\"A\"]]'),
('bf2e165a-aa6a-4891-9d5f-a50b869b5682', '4', '5x5', '2023-06-04 13:51:53', '2023-06-04 13:51:53', 4, 1, '1', 0, 'FINISHED', '[null,null,null,null,[]]', '[[\"D\",\"S\",\"S\",\"I\",\"U\"],[\"I\",\"S\",\"F\",\"D\",\"E\"],[\"J\",\"E\",\"A\",\"D\",\"I\"],[\"A\",\"E\",\"R\",\"R\",\"E\"],[\"T\",\"N\",\"O\",\"R\",\"L\"]]'),
('bf8d5cbb-b235-4d88-afec-1b7c669a3c7f', '3', '4x4', '2023-06-03 17:25:58', '2023-06-03 17:25:58', 3, 3, '1', 0, 'FINISHED', '[null,null,null,[]]', '[[\"P\",\"O\",\"F\",\"E\"],[\"N\",\"N\",\"E\",\"N\"],[\"L\",\"E\",\"A\",\"I\"],[\"L\",\"M\",\"N\",\"S\"]]'),
('c9d0e4d8-25dd-4dd6-b7be-e047cc442e1f', NULL, '4x4', NULL, NULL, 4, 3, NULL, 1, 'lobby', NULL, NULL),
('c9ec856a-394a-4a69-b45c-8b1acb123ca9', '3', '4x4', '2023-06-03 17:52:42', '2023-06-03 17:52:42', 3, 3, '1', 0, 'FINISHED', '[null,null,null,[]]', '[[\"E\",\"P\",\"U\",\"L\"],[\"QU\",\"V\",\"A\",\"A\"],[\"D\",\"U\",\"A\",\"E\"],[\"O\",\"L\",\"T\",\"S\"]]'),
('dc8953e5-7d8f-4b68-b231-4f4e0a3cc7b1', NULL, '4x4', NULL, NULL, 3, 3, NULL, 1, 'lobby', NULL, NULL),
('e164a9de-b610-45db-acaa-e68214c58ec3', '3', '4x4', '2023-06-04 14:50:35', '2023-06-04 14:50:35', 3, 3, '1', 0, 'FINISHED', '[null,null,null,[\"TU\",\"RATS\",\"RAT\",\"TO\",\"TOLU\",\"RE\",\"REA\",\"PETS\",\"PET\"]]', '[[\"I\",\"E\",\"E\",\"T\"],[\"A\",\"P\",\"S\",\"O\"],[\"E\",\"A\",\"T\",\"L\"],[\"R\",\"Z\",\"U\",\"N\"]]'),
('ec0479b9-8de9-42a2-ac87-0bf62754c88d', NULL, '4x4', NULL, NULL, 4, 3, NULL, 1, 'lobby', NULL, NULL),
('ee6a18cd-3020-4633-a942-76501b69ce38', '4', '4x4', '2023-06-04 13:36:50', '2023-06-04 13:36:50', 4, 3, '1', 0, 'FINISHED', '[null,null,null,null,[]]', '[[\"M\",\"S\",\"S\",\"C\"],[\"L\",\"O\",\"O\",\"I\"],[\"M\",\"R\",\"D\",\"L\"],[\"R\",\"L\",\"S\",\"I\"]]'),
('f44b6e8f-a5e4-415d-8845-8f446f1b9919', '3', '4x4', '2023-06-04 14:59:47', '2023-06-04 14:59:47', 3, 1, '1', 0, 'FINISHED', '[null,null,null,[],[]]', '[[\"S\",\"G\",\"R\",\"I\"],[\"H\",\"S\",\"E\",\"B\"],[\"N\",\"E\",\"E\",\"A\"],[\"A\",\"J\",\"Z\",\"N\"]]');

-- --------------------------------------------------------

--
-- Structure de la table `tokens`
--

CREATE TABLE `tokens` (
  `idToken` int(10) UNSIGNED NOT NULL,
  `token` varchar(255) NOT NULL,
  `idUser` int(11) NOT NULL,
  `expiration` timestamp NOT NULL DEFAULT current_timestamp() ON UPDATE current_timestamp()
) ENGINE=InnoDB DEFAULT CHARSET=utf8mb4 COLLATE=utf8mb4_general_ci;

--
-- Déchargement des données de la table `tokens`
--

INSERT INTO `tokens` (`idToken`, `token`, `idUser`, `expiration`) VALUES
(191, '5f5d37abb4087fc1ff0b681630a660b72d85e682fddb91e13950fa8726099034b633c90eb0679565be55a7abb897f4ce30d405c59779897b6093a174da3996cb', 3, '2023-06-06 14:58:17'),
(194, 'c44d07ca67c14f7a4c584711480c4ab3d44f6bd8b919556ee2af9abff919b9f6928dedce808c43db4b9cc88d23e55efe148c64fb3abe09057393b3d04c8f3f42', 4, '2023-06-06 15:04:18');

-- --------------------------------------------------------

--
-- Structure de la table `utilisateur`
--

CREATE TABLE `utilisateur` (
  `idUser` int(11) NOT NULL,
  `photoProfil` longtext DEFAULT NULL,
  `pseudoUser` varchar(50) DEFAULT NULL,
  `login` varchar(50) DEFAULT NULL,
  `email` varchar(50) NOT NULL,
  `password` varchar(255) DEFAULT NULL,
  `dateInscription` datetime NOT NULL DEFAULT current_timestamp()
) ENGINE=InnoDB DEFAULT CHARSET=utf8mb3 COLLATE=utf8mb3_general_ci;

--
-- Déchargement des données de la table `utilisateur`
--

INSERT INTO `utilisateur` (`idUser`, `photoProfil`, `pseudoUser`, `login`, `email`, `password`, `dateInscription`) VALUES
(3, 'data:image/png;base64,iVBORw0KGgoAAAANSUhEUgAAALgAAAC4CAIAAADfUbGQAAAACXBIWXMAAAsTAAALEwEAmpwYAAAKT2lDQ1BQaG90b3Nob3AgSUNDIHByb2ZpbGUAAHjanVNnVFPpFj333vRCS4iAlEtvUhUIIFJCi4AUkSYqIQkQSoghodkVUcERRUUEG8igiAOOjoCMFVEsDIoK2AfkIaKOg6OIisr74Xuja9a89+bN/rXXPues852zzwfACAyWSDNRNYAMqUIeEeCDx8TG4eQuQIEKJHAAEAizZCFz/SMBAPh+PDwrIsAHvgABeNMLCADATZvAMByH/w/qQplcAYCEAcB0kThLCIAUAEB6jkKmAEBGAYCdmCZTAKAEAGDLY2LjAFAtAGAnf+bTAICd+Jl7AQBblCEVAaCRACATZYhEAGg7AKzPVopFAFgwABRmS8Q5ANgtADBJV2ZIALC3AMDOEAuyAAgMADBRiIUpAAR7AGDIIyN4AISZABRG8lc88SuuEOcqAAB4mbI8uSQ5RYFbCC1xB1dXLh4ozkkXKxQ2YQJhmkAuwnmZGTKBNA/g88wAAKCRFRHgg/P9eM4Ors7ONo62Dl8t6r8G/yJiYuP+5c+rcEAAAOF0ftH+LC+zGoA7BoBt/qIl7gRoXgugdfeLZrIPQLUAoOnaV/Nw+H48PEWhkLnZ2eXk5NhKxEJbYcpXff5nwl/AV/1s+X48/Pf14L7iJIEyXYFHBPjgwsz0TKUcz5IJhGLc5o9H/LcL//wd0yLESWK5WCoU41EScY5EmozzMqUiiUKSKcUl0v9k4t8s+wM+3zUAsGo+AXuRLahdYwP2SycQWHTA4vcAAPK7b8HUKAgDgGiD4c93/+8//UegJQCAZkmScQAAXkQkLlTKsz/HCAAARKCBKrBBG/TBGCzABhzBBdzBC/xgNoRCJMTCQhBCCmSAHHJgKayCQiiGzbAdKmAv1EAdNMBRaIaTcA4uwlW4Dj1wD/phCJ7BKLyBCQRByAgTYSHaiAFiilgjjggXmYX4IcFIBBKLJCDJiBRRIkuRNUgxUopUIFVIHfI9cgI5h1xGupE7yAAygvyGvEcxlIGyUT3UDLVDuag3GoRGogvQZHQxmo8WoJvQcrQaPYw2oefQq2gP2o8+Q8cwwOgYBzPEbDAuxsNCsTgsCZNjy7EirAyrxhqwVqwDu4n1Y8+xdwQSgUXACTYEd0IgYR5BSFhMWE7YSKggHCQ0EdoJNwkDhFHCJyKTqEu0JroR+cQYYjIxh1hILCPWEo8TLxB7iEPENyQSiUMyJ7mQAkmxpFTSEtJG0m5SI+ksqZs0SBojk8naZGuyBzmULCAryIXkneTD5DPkG+Qh8lsKnWJAcaT4U+IoUspqShnlEOU05QZlmDJBVaOaUt2ooVQRNY9aQq2htlKvUYeoEzR1mjnNgxZJS6WtopXTGmgXaPdpr+h0uhHdlR5Ol9BX0svpR+iX6AP0dwwNhhWDx4hnKBmbGAcYZxl3GK+YTKYZ04sZx1QwNzHrmOeZD5lvVVgqtip8FZHKCpVKlSaVGyovVKmqpqreqgtV81XLVI+pXlN9rkZVM1PjqQnUlqtVqp1Q61MbU2epO6iHqmeob1Q/pH5Z/YkGWcNMw09DpFGgsV/jvMYgC2MZs3gsIWsNq4Z1gTXEJrHN2Xx2KruY/R27iz2qqaE5QzNKM1ezUvOUZj8H45hx+Jx0TgnnKKeX836K3hTvKeIpG6Y0TLkxZVxrqpaXllirSKtRq0frvTau7aedpr1Fu1n7gQ5Bx0onXCdHZ4/OBZ3nU9lT3acKpxZNPTr1ri6qa6UbobtEd79up+6Ynr5egJ5Mb6feeb3n+hx9L/1U/W36p/VHDFgGswwkBtsMzhg8xTVxbzwdL8fb8VFDXcNAQ6VhlWGX4YSRudE8o9VGjUYPjGnGXOMk423GbcajJgYmISZLTepN7ppSTbmmKaY7TDtMx83MzaLN1pk1mz0x1zLnm+eb15vft2BaeFostqi2uGVJsuRaplnutrxuhVo5WaVYVVpds0atna0l1rutu6cRp7lOk06rntZnw7Dxtsm2qbcZsOXYBtuutm22fWFnYhdnt8Wuw+6TvZN9un2N/T0HDYfZDqsdWh1+c7RyFDpWOt6azpzuP33F9JbpL2dYzxDP2DPjthPLKcRpnVOb00dnF2e5c4PziIuJS4LLLpc+Lpsbxt3IveRKdPVxXeF60vWdm7Obwu2o26/uNu5p7ofcn8w0nymeWTNz0MPIQ+BR5dE/C5+VMGvfrH5PQ0+BZ7XnIy9jL5FXrdewt6V3qvdh7xc+9j5yn+M+4zw33jLeWV/MN8C3yLfLT8Nvnl+F30N/I/9k/3r/0QCngCUBZwOJgUGBWwL7+Hp8Ib+OPzrbZfay2e1BjKC5QRVBj4KtguXBrSFoyOyQrSH355jOkc5pDoVQfujW0Adh5mGLw34MJ4WHhVeGP45wiFga0TGXNXfR3ENz30T6RJZE3ptnMU85ry1KNSo+qi5qPNo3ujS6P8YuZlnM1VidWElsSxw5LiquNm5svt/87fOH4p3iC+N7F5gvyF1weaHOwvSFpxapLhIsOpZATIhOOJTwQRAqqBaMJfITdyWOCnnCHcJnIi/RNtGI2ENcKh5O8kgqTXqS7JG8NXkkxTOlLOW5hCepkLxMDUzdmzqeFpp2IG0yPTq9MYOSkZBxQqohTZO2Z+pn5mZ2y6xlhbL+xW6Lty8elQfJa7OQrAVZLQq2QqboVFoo1yoHsmdlV2a/zYnKOZarnivN7cyzytuQN5zvn//tEsIS4ZK2pYZLVy0dWOa9rGo5sjxxedsK4xUFK4ZWBqw8uIq2Km3VT6vtV5eufr0mek1rgV7ByoLBtQFr6wtVCuWFfevc1+1dT1gvWd+1YfqGnRs+FYmKrhTbF5cVf9go3HjlG4dvyr+Z3JS0qavEuWTPZtJm6ebeLZ5bDpaql+aXDm4N2dq0Dd9WtO319kXbL5fNKNu7g7ZDuaO/PLi8ZafJzs07P1SkVPRU+lQ27tLdtWHX+G7R7ht7vPY07NXbW7z3/T7JvttVAVVN1WbVZftJ+7P3P66Jqun4lvttXa1ObXHtxwPSA/0HIw6217nU1R3SPVRSj9Yr60cOxx++/p3vdy0NNg1VjZzG4iNwRHnk6fcJ3/ceDTradox7rOEH0x92HWcdL2pCmvKaRptTmvtbYlu6T8w+0dbq3nr8R9sfD5w0PFl5SvNUyWna6YLTk2fyz4ydlZ19fi753GDborZ752PO32oPb++6EHTh0kX/i+c7vDvOXPK4dPKy2+UTV7hXmq86X23qdOo8/pPTT8e7nLuarrlca7nuer21e2b36RueN87d9L158Rb/1tWeOT3dvfN6b/fF9/XfFt1+cif9zsu72Xcn7q28T7xf9EDtQdlD3YfVP1v+3Njv3H9qwHeg89HcR/cGhYPP/pH1jw9DBY+Zj8uGDYbrnjg+OTniP3L96fynQ89kzyaeF/6i/suuFxYvfvjV69fO0ZjRoZfyl5O/bXyl/erA6xmv28bCxh6+yXgzMV70VvvtwXfcdx3vo98PT+R8IH8o/2j5sfVT0Kf7kxmTk/8EA5jz/GMzLdsAADoyaVRYdFhNTDpjb20uYWRvYmUueG1wAAAAAAA8P3hwYWNrZXQgYmVnaW49Iu+7vyIgaWQ9Ilc1TTBNcENlaGlIenJlU3pOVGN6a2M5ZCI/Pgo8eDp4bXBtZXRhIHhtbG5zOng9ImFkb2JlOm5zOm1ldGEvIiB4OnhtcHRrPSJBZG9iZSBYTVAgQ29yZSA1LjYtYzA2NyA3OS4xNTc3NDcsIDIwMTUvMDMvMzAtMjM6NDA6NDIgICAgICAgICI+CiAgIDxyZGY6UkRGIHhtbG5zOnJkZj0iaHR0cDovL3d3dy53My5vcmcvMTk5OS8wMi8yMi1yZGYtc3ludGF4LW5zIyI+CiAgICAgIDxyZGY6RGVzY3JpcHRpb24gcmRmOmFib3V0PSIiCiAgICAgICAgICAgIHhtbG5zOnhtcD0iaHR0cDovL25zLmFkb2JlLmNvbS94YXAvMS4wLyIKICAgICAgICAgICAgeG1sbnM6eG1wTU09Imh0dHA6Ly9ucy5hZG9iZS5jb20veGFwLzEuMC9tbS8iCiAgICAgICAgICAgIHhtbG5zOnN0RXZ0PSJodHRwOi8vbnMuYWRvYmUuY29tL3hhcC8xLjAvc1R5cGUvUmVzb3VyY2VFdmVudCMiCiAgICAgICAgICAgIHhtbG5zOmRjPSJodHRwOi8vcHVybC5vcmcvZGMvZWxlbWVudHMvMS4xLyIKICAgICAgICAgICAgeG1sbnM6cGhvdG9zaG9wPSJodHRwOi8vbnMuYWRvYmUuY29tL3Bob3Rvc2hvcC8xLjAvIgogICAgICAgICAgICB4bWxuczp0aWZmPSJodHRwOi8vbnMuYWRvYmUuY29tL3RpZmYvMS4wLyIKICAgICAgICAgICAgeG1sbnM6ZXhpZj0iaHR0cDovL25zLmFkb2JlLmNvbS9leGlmLzEuMC8iPgogICAgICAgICA8eG1wOkNyZWF0b3JUb29sPkFkb2JlIFBob3Rvc2hvcCBDQyAyMDE1IChXaW5kb3dzKTwveG1wOkNyZWF0b3JUb29sPgogICAgICAgICA8eG1wOkNyZWF0ZURhdGU+MjAxNy0wNi0xNVQxNzozMjowMy0wNzowMDwveG1wOkNyZWF0ZURhdGU+CiAgICAgICAgIDx4bXA6TWV0YWRhdGFEYXRlPjIwMTctMDYtMTVUMTc6MzI6MDMtMDc6MDA8L3htcDpNZXRhZGF0YURhdGU+CiAgICAgICAgIDx4bXA6TW9kaWZ5RGF0ZT4yMDE3LTA2LTE1VDE3OjMyOjAzLTA3OjAwPC94bXA6TW9kaWZ5RGF0ZT4KICAgICAgICAgPHhtcE1NOkluc3RhbmNlSUQ+eG1wLmlpZDphZmJiNDQ5YS1iYzQwLWE1NDYtYmY5MC1hNWM1NTFmYzgyNWU8L3htcE1NOkluc3RhbmNlSUQ+CiAgICAgICAgIDx4bXBNTTpEb2N1bWVudElEPmFkb2JlOmRvY2lkOnBob3Rvc2hvcDozM2NmM2RmYi01MjJiLTExZTctODFhNi1kMDhjZGMwMjIwMjY8L3htcE1NOkRvY3VtZW50SUQ+CiAgICAgICAgIDx4bXBNTTpPcmlnaW5hbERvY3VtZW50SUQ+eG1wLmRpZDphN2M0MjBjNy1lMDg5LTBkNDktYTk2Ny1lMGRkZjgyZDliZmU8L3htcE1NOk9yaWdpbmFsRG9jdW1lbnRJRD4KICAgICAgICAgPHhtcE1NOkhpc3Rvcnk+CiAgICAgICAgICAgIDxyZGY6U2VxPgogICAgICAgICAgICAgICA8cmRmOmxpIHJkZjpwYXJzZVR5cGU9IlJlc291cmNlIj4KICAgICAgICAgICAgICAgICAgPHN0RXZ0OmFjdGlvbj5jcmVhdGVkPC9zdEV2dDphY3Rpb24+CiAgICAgICAgICAgICAgICAgIDxzdEV2dDppbnN0YW5jZUlEPnhtcC5paWQ6YTdjNDIwYzctZTA4OS0wZDQ5LWE5NjctZTBkZGY4MmQ5YmZlPC9zdEV2dDppbnN0YW5jZUlEPgogICAgICAgICAgICAgICAgICA8c3RFdnQ6d2hlbj4yMDE3LTA2LTE1VDE3OjMyOjAzLTA3OjAwPC9zdEV2dDp3aGVuPgogICAgICAgICAgICAgICAgICA8c3RFdnQ6c29mdHdhcmVBZ2VudD5BZG9iZSBQaG90b3Nob3AgQ0MgMjAxNSAoV2luZG93cyk8L3N0RXZ0OnNvZnR3YXJlQWdlbnQ+CiAgICAgICAgICAgICAgIDwvcmRmOmxpPgogICAgICAgICAgICAgICA8cmRmOmxpIHJkZjpwYXJzZVR5cGU9IlJlc291cmNlIj4KICAgICAgICAgICAgICAgICAgPHN0RXZ0OmFjdGlvbj5zYXZlZDwvc3RFdnQ6YWN0aW9uPgogICAgICAgICAgICAgICAgICA8c3RFdnQ6aW5zdGFuY2VJRD54bXAuaWlkOmFmYmI0NDlhLWJjNDAtYTU0Ni1iZjkwLWE1YzU1MWZjODI1ZTwvc3RFdnQ6aW5zdGFuY2VJRD4KICAgICAgICAgICAgICAgICAgPHN0RXZ0OndoZW4+MjAxNy0wNi0xNVQxNzozMjowMy0wNzowMDwvc3RFdnQ6d2hlbj4KICAgICAgICAgICAgICAgICAgPHN0RXZ0OnNvZnR3YXJlQWdlbnQ+QWRvYmUgUGhvdG9zaG9wIENDIDIwMTUgKFdpbmRvd3MpPC9zdEV2dDpzb2Z0d2FyZUFnZW50PgogICAgICAgICAgICAgICAgICA8c3RFdnQ6Y2hhbmdlZD4vPC9zdEV2dDpjaGFuZ2VkPgogICAgICAgICAgICAgICA8L3JkZjpsaT4KICAgICAgICAgICAgPC9yZGY6U2VxPgogICAgICAgICA8L3htcE1NOkhpc3Rvcnk+CiAgICAgICAgIDxkYzpmb3JtYXQ+aW1hZ2UvcG5nPC9kYzpmb3JtYXQ+CiAgICAgICAgIDxwaG90b3Nob3A6Q29sb3JNb2RlPjM8L3Bob3Rvc2hvcDpDb2xvck1vZGU+CiAgICAgICAgIDxwaG90b3Nob3A6SUNDUHJvZmlsZT5zUkdCIElFQzYxOTY2LTIuMTwvcGhvdG9zaG9wOklDQ1Byb2ZpbGU+CiAgICAgICAgIDx0aWZmOk9yaWVudGF0aW9uPjE8L3RpZmY6T3JpZW50YXRpb24+CiAgICAgICAgIDx0aWZmOlhSZXNvbHV0aW9uPjcyMDAwMC8xMDAwMDwvdGlmZjpYUmVzb2x1dGlvbj4KICAgICAgICAgPHRpZmY6WVJlc29sdXRpb24+NzIwMDAwLzEwMDAwPC90aWZmOllSZXNvbHV0aW9uPgogICAgICAgICA8dGlmZjpSZXNvbHV0aW9uVW5pdD4yPC90aWZmOlJlc29sdXRpb25Vbml0PgogICAgICAgICA8ZXhpZjpDb2xvclNwYWNlPjE8L2V4aWY6Q29sb3JTcGFjZT4KICAgICAgICAgPGV4aWY6UGl4ZWxYRGltZW5zaW9uPjE4NDwvZXhpZjpQaXhlbFhEaW1lbnNpb24+CiAgICAgICAgIDxleGlmOlBpeGVsWURpbWVuc2lvbj4xODQ8L2V4aWY6UGl4ZWxZRGltZW5zaW9uPgogICAgICA8L3JkZjpEZXNjcmlwdGlvbj4KICAgPC9yZGY6UkRGPgo8L3g6eG1wbWV0YT4KICAgICAgICAgICAgICAgICAgICAgICAgICAgICAgICAgICAgICAgICAgICAgICAgICAgICAgICAgICAgICAgICAgICAgICAgICAgICAgICAgICAgICAgICAgICAgICAgICAgIAogICAgICAgICAgICAgICAgICAgICAgICAgICAgICAgICAgICAgICAgICAgICAgICAgICAgICAgICAgICAgICAgICAgICAgICAgICAgICAgICAgICAgICAgICAgICAgICAgICAgCiAgICAgICAgICAgICAgICAgICAgICAgICAgICAgICAgICAgICAgICAgICAgICAgICAgICAgICAgICAgICAgICAgICAgICAgICAgICAgICAgICAgICAgICAgICAgICAgICAgICAKICAgICAgICAgICAgICAgICAgICAgICAgICAgICAgICAgICAgICAgICAgICAgICAgICAgICAgICAgICAgICAgICAgICAgICAgICAgICAgICAgICAgICAgICAgICAgICAgICAgIAogICAgICAgICAgICAgICAgICAgICAgICAgICAgICAgICAgICAgICAgICAgICAgICAgICAgICAgICAgICAgICAgICAgICAgICAgICAgICAgICAgICAgICAgICAgICAgICAgICAgCiAgICAgICAgICAgICAgICAgICAgICAgICAgICAgICAgICAgICAgICAgICAgICAgICAgICAgICAgICAgICAgICAgICAgICAgICAgICAgICAgICAgICAgICAgICAgICAgICAgICAKICAgICAgICAgICAgICAgICAgICAgICAgICAgICAgICAgICAgICAgICAgICAgICAgICAgICAgICAgICAgICAgICAgICAgICAgICAgICAgICAgICAgICAgICAgICAgICAgICAgIAogICAgICAgICAgICAgICAgICAgICAgICAgICAgICAgICAgICAgICAgICAgICAgICAgICAgICAgICAgICAgICAgICAgICAgICAgICAgICAgICAgICAgICAgICAgICAgICAgICAgCiAgICAgICAgICAgICAgICAgICAgICAgICAgICAgICAgICAgICAgICAgICAgICAgICAgICAgICAgICAgICAgICAgICAgICAgICAgICAgICAgICAgICAgICAgICAgICAgICAgICAKICAgICAgICAgICAgICAgICAgICAgICAgICAgICAgICAgICAgICAgICAgICAgICAgICAgICAgICAgICAgICAgICAgICAgICAgICAgICAgICAgICAgICAgICAgICAgICAgICAgIAogICAgICAgICAgICAgICAgICAgICAgICAgICAgICAgICAgICAgICAgICAgICAgICAgICAgICAgICAgICAgICAgICAgICAgICAgICAgICAgICAgICAgICAgICAgICAgICAgICAgCiAgICAgICAgICAgICAgICAgICAgICAgICAgICAgICAgICAgICAgICAgICAgICAgICAgICAgICAgICAgICAgICAgICAgICAgICAgICAgICAgICAgICAgICAgICAgICAgICAgICAKICAgICAgICAgICAgICAgICAgICAgICAgICAgICAgICAgICAgICAgICAgICAgICAgICAgICAgICAgICAgICAgICAgICAgICAgICAgICAgICAgICAgICAgICAgICAgICAgICAgIAogICAgICAgICAgICAgICAgICAgICAgICAgICAgICAgICAgICAgICAgICAgICAgICAgICAgICAgICAgICAgICAgICAgICAgICAgICAgICAgICAgICAgICAgICAgICAgICAgICAgCiAgICAgICAgICAgICAgICAgICAgICAgICAgICAgICAgICAgICAgICAgICAgICAgICAgICAgICAgICAgICAgICAgICAgICAgICAgICAgICAgICAgICAgICAgICAgICAgICAgICAKICAgICAgICAgICAgICAgICAgICAgICAgICAgICAgICAgICAgICAgICAgICAgICAgICAgICAgICAgICAgICAgICAgICAgICAgICAgICAgICAgICAgICAgICAgICAgICAgICAgIAogICAgICAgICAgICAgICAgICAgICAgICAgICAgICAgICAgICAgICAgICAgICAgICAgICAgICAgICAgICAgICAgICAgICAgICAgICAgICAgICAgICAgICAgICAgICAgICAgICAgCiAgICAgICAgICAgICAgICAgICAgICAgICAgICAgICAgICAgICAgICAgICAgICAgICAgICAgICAgICAgICAgICAgICAgICAgICAgICAgICAgICAgICAgICAgICAgICAgICAgICAKICAgICAgICAgICAgICAgICAgICAgICAgICAgICAgICAgICAgICAgICAgICAgICAgICAgICAgICAgICAgICAgICAgICAgICAgICAgICAgICAgICAgICAgICAgICAgICAgICAgIAogICAgICAgICAgICAgICAgICAgICAgICAgICAgICAgICAgICAgICAgICAgICAgICAgICAgICAgICAgICAgICAgICAgICAgICAgICAgICAgICAgICAgICAgICAgICAgICAgICAgCiAgICAgICAgICAgICAgICAgICAgICAgICAgICAgICAgICAgICAgICAgICAgICAgICAgICAgICAgICAgICAgICAgICAgICAgICAgICAgICAgICAgICAgICAgICAgICAgICAgICAKICAgICAgICAgICAgICAgICAgICAgICAgICAgICAgICAgICAgICAgICAgICAgICAgICAgICAgICAgICAgICAgICAgICAgICAgICAgICAgICAgICAgICAgICAgICAgICAgICAgIAogICAgICAgICAgICAgICAgICAgICAgICAgICAgICAgICAgICAgICAgICAgICAgICAgICAgICAgICAgICAgICAgICAgICAgICAgICAgICAgICAgICAgICAgICAgICAgICAgICAgCiAgICAgICAgICAgICAgICAgICAgICAgICAgICAgICAgICAgICAgICAgICAgICAgICAgICAgICAgICAgICAgICAgICAgICAgICAgICAgICAgICAgICAgICAgICAgICAgICAgICAKICAgICAgICAgICAgICAgICAgICAgICAgICAgICAgICAgICAgICAgICAgICAgICAgICAgICAgICAgICAgICAgICAgICAgICAgICAgICAgICAgICAgICAgICAgICAgICAgICAgIAogICAgICAgICAgICAgICAgICAgICAgICAgICAgICAgICAgICAgICAgICAgICAgICAgICAgICAgICAgICAgICAgICAgICAgICAgICAgICAgICAgICAgICAgICAgICAgICAgICAgCiAgICAgICAgICAgICAgICAgICAgICAgICAgICAgICAgICAgICAgICAgICAgICAgICAgICAgICAgICAgICAgICAgICAgICAgICAgICAgICAgICAgICAgICAgICAgICAgICAgICAKICAgICAgICAgICAgICAgICAgICAgICAgICAgICAgICAgICAgICAgICAgICAgICAgICAgICAgICAgICAgICAgICAgICAgICAgICAgICAgICAgICAgICAgICAgICAgICAgICAgIAogICAgICAgICAgICAgICAgICAgICAgICAgICAgICAgICAgICAgICAgICAgICAgICAgICAgICAgICAgICAgICAgICAgICAgICAgICAgICAgICAgICAgICAgICAgICAgICAgICAgCiAgICAgICAgICAgICAgICAgICAgICAgICAgICAgICAgICAgICAgICAgICAgICAgICAgICAgICAgICAgICAgICAgICAgICAgICAgICAgICAgICAgICAgICAgICAgICAgICAgICAKICAgICAgICAgICAgICAgICAgICAgICAgICAgICAgICAgICAgICAgICAgICAgICAgICAgICAgICAgICAgICAgICAgICAgICAgICAgICAgICAgICAgICAgICAgICAgICAgICAgIAogICAgICAgICAgICAgICAgICAgICAgICAgICAgICAgICAgICAgICAgICAgICAgICAgICAgICAgICAgICAgICAgICAgICAgICAgICAgICAgICAgICAgICAgICAgICAgICAgICAgCiAgICAgICAgICAgICAgICAgICAgICAgICAgICAgICAgICAgICAgICAgICAgICAgICAgICAgICAgICAgICAgICAgICAgICAgICAgICAgICAgICAgICAgICAgICAgICAgICAgICAKICAgICAgICAgICAgICAgICAgICAgICAgICAgICAgICAgICAgICAgICAgICAgICAgICAgICAgICAgICAgICAgICAgICAgICAgICAgICAgICAgICAgICAgICAgICAgICAgICAgIAogICAgICAgICAgICAgICAgICAgICAgICAgICAgICAgICAgICAgICAgICAgICAgICAgICAgICAgICAgICAgICAgICAgICAgICAgICAgICAgICAgICAgICAgICAgICAgICAgICAgCiAgICAgICAgICAgICAgICAgICAgICAgICAgICAgICAgICAgICAgICAgICAgICAgICAgICAgICAgICAgICAgICAgICAgICAgICAgICAgICAgICAgICAgICAgICAgICAgICAgICAKICAgICAgICAgICAgICAgICAgICAgICAgICAgICAgICAgICAgICAgICAgICAgICAgICAgICAgICAgICAgICAgICAgICAgICAgICAgICAgICAgICAgICAgICAgICAgICAgICAgIAogICAgICAgICAgICAgICAgICAgICAgICAgICAgICAgICAgICAgICAgICAgICAgICAgICAgICAgICAgICAgICAgICAgICAgICAgICAgICAgICAgICAgICAgICAgICAgICAgICAgCiAgICAgICAgICAgICAgICAgICAgICAgICAgICAgICAgICAgICAgICAgICAgICAgICAgICAgICAgICAgICAgICAgICAgICAgICAgICAgICAgICAgICAgICAgICAgICAgICAgICAKICAgICAgICAgICAgICAgICAgICAgICAgICAgICAgICAgICAgICAgICAgICAgICAgICAgICAgICAgICAgICAgICAgICAgICAgICAgICAgICAgICAgICAgICAgICAgICAgICAgIAogICAgICAgICAgICAgICAgICAgICAgICAgICAgICAgICAgICAgICAgICAgICAgICAgICAgICAgICAgICAgICAgICAgICAgICAgICAgICAgICAgICAgICAgICAgICAgICAgICAgCiAgICAgICAgICAgICAgICAgICAgICAgICAgICAgICAgICAgICAgICAgICAgICAgICAgICAgICAgICAgICAgICAgICAgICAgICAgICAgICAgICAgICAgICAgICAgICAgICAgICAKICAgICAgICAgICAgICAgICAgICAgICAgICAgICAgICAgICAgICAgICAgICAgICAgICAgICAgICAgICAgICAgICAgICAgICAgICAgICAgICAgICAgICAgICAgICAgICAgICAgIAogICAgICAgICAgICAgICAgICAgICAgICAgICAgICAgICAgICAgICAgICAgICAgICAgICAgICAgICAgICAgICAgICAgICAgICAgICAgICAgICAgICAgICAgICAgICAgICAgICAgCiAgICAgICAgICAgICAgICAgICAgICAgICAgICAgICAgICAgICAgICAgICAgICAgICAgICAgICAgICAgICAgICAgICAgICAgICAgICAgICAgICAgICAgICAgICAgICAgICAgICAKICAgICAgICAgICAgICAgICAgICAgICAgICAgICAgICAgICAgICAgICAgICAgICAgICAgICAgICAgICAgICAgICAgICAgICAgICAgICAgICAgICAgICAgICAgICAgICAgICAgIAogICAgICAgICAgICAgICAgICAgICAgICAgICAgICAgICAgICAgICAgICAgICAgICAgICAgICAgICAgICAgICAgICAgICAgICAgICAgICAgICAgICAgICAgICAgICAgICAgICAgCiAgICAgICAgICAgICAgICAgICAgICAgICAgICAgICAgICAgICAgICAgICAgICAgICAgICAgICAgICAgICAgICAgICAgICAgICAgICAgICAgICAgICAgICAgICAgICAgICAgICAKICAgICAgICAgICAgICAgICAgICAgICAgICAgICAgICAgICAgICAgICAgICAgICAgICAgICAgICAgICAgICAgICAgICAgICAgICAgICAgICAgICAgICAgICAgICAgICAgICAgIAogICAgICAgICAgICAgICAgICAgICAgICAgICAgICAgICAgICAgICAgICAgICAgICAgICAgICAgICAgICAgICAgICAgICAgICAgICAgICAgICAgICAgICAgICAgICAgICAgICAgCiAgICAgICAgICAgICAgICAgICAgICAgICAgICAgICAgICAgICAgICAgICAgICAgICAgICAgICAgICAgICAgICAgICAgICAgICAgICAgICAgICAgICAgICAgICAgICAgICAgICAKICAgICAgICAgICAgICAgICAgICAgICAgICAgICAgICAgICAgICAgICAgICAgICAgICAgICAgICAgICAgICAgICAgICAgICAgICAgICAgICAgICAgICAgICAgICAgICAgICAgIAogICAgICAgICAgICAgICAgICAgICAgICAgICAgICAgICAgICAgICAgICAgICAgICAgICAgICAgICAgICAgICAgICAgICAgICAgICAgICAgICAgICAgICAgICAgICAgICAgICAgCiAgICAgICAgICAgICAgICAgICAgICAgICAgICAgICAgICAgICAgICAgICAgICAgICAgICAgICAgICAgICAgICAgICAgICAgICAgICAgICAgICAgICAgICAgICAgICAgICAgICAKICAgICAgICAgICAgICAgICAgICAgICAgICAgICAgICAgICAgICAgICAgICAgICAgICAgICAgICAgICAgICAgICAgICAgICAgICAgICAgICAgICAgICAgICAgICAgICAgICAgIAogICAgICAgICAgICAgICAgICAgICAgICAgICAgICAgICAgICAgICAgICAgICAgICAgICAgICAgICAgICAgICAgICAgICAgICAgICAgICAgICAgICAgICAgICAgICAgICAgICAgCiAgICAgICAgICAgICAgICAgICAgICAgICAgICAgICAgICAgICAgICAgICAgICAgICAgICAgICAgICAgICAgICAgICAgICAgICAgICAgICAgICAgICAgICAgICAgICAgICAgICAKICAgICAgICAgICAgICAgICAgICAgICAgICAgICAgICAgICAgICAgICAgICAgICAgICAgICAgICAgICAgICAgICAgICAgICAgICAgICAgICAgICAgICAgICAgICAgICAgICAgIAogICAgICAgICAgICAgICAgICAgICAgICAgICAgICAgICAgICAgICAgICAgICAgICAgICAgICAgICAgICAgICAgICAgICAgICAgICAgICAgICAgICAgICAgICAgICAgICAgICAgCiAgICAgICAgICAgICAgICAgICAgICAgICAgICAgICAgICAgICAgICAgICAgICAgICAgICAgICAgICAgICAgICAgICAgICAgICAgICAgICAgICAgICAgICAgICAgICAgICAgICAKICAgICAgICAgICAgICAgICAgICAgICAgICAgICAgICAgICAgICAgICAgICAgICAgICAgICAgICAgICAgICAgICAgICAgICAgICAgICAgICAgICAgICAgICAgICAgICAgICAgIAogICAgICAgICAgICAgICAgICAgICAgICAgICAgICAgICAgICAgICAgICAgICAgICAgICAgICAgICAgICAgICAgICAgICAgICAgICAgICAgICAgICAgICAgICAgICAgICAgICAgCiAgICAgICAgICAgICAgICAgICAgICAgICAgICAgICAgICAgICAgICAgICAgICAgICAgICAgICAgICAgICAgICAgICAgICAgICAgICAgICAgICAgICAgICAgICAgICAgICAgICAKICAgICAgICAgICAgICAgICAgICAgICAgICAgICAgICAgICAgICAgICAgICAgICAgICAgICAgICAgICAgICAgICAgICAgICAgICAgICAgICAgICAgICAgICAgICAgICAgICAgIAogICAgICAgICAgICAgICAgICAgICAgICAgICAgICAgICAgICAgICAgICAgICAgICAgICAgICAgICAgICAgICAgICAgICAgICAgICAgICAgICAgICAgICAgICAgICAgICAgICAgCiAgICAgICAgICAgICAgICAgICAgICAgICAgICAgICAgICAgICAgICAgICAgICAgICAgICAgICAgICAgICAgICAgICAgICAgICAgICAgICAgICAgICAgICAgICAgICAgICAgICAKICAgICAgICAgICAgICAgICAgICAgICAgICAgICAgICAgICAgICAgICAgICAgICAgICAgICAgICAgICAgICAgICAgICAgICAgICAgICAgICAgICAgICAgICAgICAgICAgICAgIAogICAgICAgICAgICAgICAgICAgICAgICAgICAgICAgICAgICAgICAgICAgICAgICAgICAgICAgICAgICAgICAgICAgICAgICAgICAgICAgICAgICAgICAgICAgICAgICAgICAgCiAgICAgICAgICAgICAgICAgICAgICAgICAgICAgICAgICAgICAgICAgICAgICAgICAgICAgICAgICAgICAgICAgICAgICAgICAgICAgICAgICAgICAgICAgICAgICAgICAgICAKICAgICAgICAgICAgICAgICAgICAgICAgICAgICAgICAgICAgICAgICAgICAgICAgICAgICAgICAgICAgICAgICAgICAgICAgICAgICAgICAgICAgICAgICAgICAgICAgICAgIAogICAgICAgICAgICAgICAgICAgICAgICAgICAgICAgICAgICAgICAgICAgICAgICAgICAgICAgICAgICAgICAgICAgICAgICAgICAgICAgICAgICAgICAgICAgICAgICAgICAgCiAgICAgICAgICAgICAgICAgICAgICAgICAgICAgICAgICAgICAgICAgICAgICAgICAgICAgICAgICAgICAgICAgICAgICAgICAgICAgICAgICAgICAgICAgICAgICAgICAgICAKICAgICAgICAgICAgICAgICAgICAgICAgICAgICAgICAgICAgICAgICAgICAgICAgICAgICAgICAgICAgICAgICAgICAgICAgICAgICAgICAgICAgICAgICAgICAgICAgICAgIAogICAgICAgICAgICAgICAgICAgICAgICAgICAgICAgICAgICAgICAgICAgICAgICAgICAgICAgICAgICAgICAgICAgICAgICAgICAgICAgICAgICAgICAgICAgICAgICAgICAgCiAgICAgICAgICAgICAgICAgICAgICAgICAgICAgICAgICAgICAgICAgICAgICAgICAgICAgICAgICAgICAgICAgICAgICAgICAgICAgICAgICAgICAgICAgICAgICAgICAgICAKICAgICAgICAgICAgICAgICAgICAgICAgICAgICAgICAgICAgICAgICAgICAgICAgICAgICAgICAgICAgICAgICAgICAgICAgICAgICAgICAgICAgICAgICAgICAgICAgICAgIAogICAgICAgICAgICAgICAgICAgICAgICAgICAgICAgICAgICAgICAgICAgICAgICAgICAgICAgICAgICAgICAgICAgICAgICAgICAgICAgICAgICAgICAgICAgICAgICAgICAgCiAgICAgICAgICAgICAgICAgICAgICAgICAgICAgICAgICAgICAgICAgICAgICAgICAgICAgICAgICAgICAgICAgICAgICAgICAgICAgICAgICAgICAgICAgICAgICAgICAgICAKICAgICAgICAgICAgICAgICAgICAgICAgICAgICAgICAgICAgICAgICAgICAgICAgICAgICAgICAgICAgICAgICAgICAgICAgICAgICAgICAgICAgICAgICAgICAgICAgICAgIAogICAgICAgICAgICAgICAgICAgICAgICAgICAgICAgICAgICAgICAgICAgICAgICAgICAgICAgICAgICAgICAgICAgICAgICAgICAgICAgICAgICAgICAgICAgICAgICAgICAgCiAgICAgICAgICAgICAgICAgICAgICAgICAgICAgICAgICAgICAgICAgICAgICAgICAgICAgICAgICAgICAgICAgICAgICAgICAgICAgICAgICAgICAgICAgICAgICAgICAgICAKICAgICAgICAgICAgICAgICAgICAgICAgICAgICAgICAgICAgICAgICAgICAgICAgICAgICAgICAgICAgICAgICAgICAgICAgICAgICAgICAgICAgICAgICAgICAgICAgICAgIAogICAgICAgICAgICAgICAgICAgICAgICAgICAgICAgICAgICAgICAgICAgICAgICAgICAgICAgICAgICAgICAgICAgICAgICAgICAgICAgICAgICAgICAgICAgICAgICAgICAgCiAgICAgICAgICAgICAgICAgICAgICAgICAgICAgICAgICAgICAgICAgICAgICAgICAgICAgICAgICAgICAgICAgICAgICAgICAgICAgICAgICAgICAgICAgICAgICAgICAgICAKICAgICAgICAgICAgICAgICAgICAgICAgICAgICAgICAgICAgICAgICAgICAgICAgICAgICAgICAgICAgICAgICAgICAgICAgICAgICAgICAgICAgICAgICAgICAgICAgICAgIAogICAgICAgICAgICAgICAgICAgICAgICAgICAgICAgICAgICAgICAgICAgICAgICAgICAgICAgICAgICAgICAgICAgICAgICAgICAgICAgICAgICAgICAgICAgICAgICAgICAgCiAgICAgICAgICAgICAgICAgICAgICAgICAgICAgICAgICAgICAgICAgICAgICAgICAgICAgICAgICAgICAgICAgICAgICAgICAgICAgICAgICAgICAgICAgICAgICAgICAgICAKICAgICAgICAgICAgICAgICAgICAgICAgICAgICAgICAgICAgICAgICAgICAgICAgICAgICAgICAgICAgICAgICAgICAgICAgICAgICAgICAgICAgICAgICAgICAgICAgICAgIAogICAgICAgICAgICAgICAgICAgICAgICAgICAgICAgICAgICAgICAgICAgICAgICAgICAgICAgICAgICAgICAgICAgICAgICAgICAgICAgICAgICAgICAgICAgICAgICAgICAgCiAgICAgICAgICAgICAgICAgICAgICAgICAgICAgICAgICAgICAgICAgICAgICAgICAgICAgICAgICAgICAgICAgICAgICAgICAgICAgICAgICAgICAgICAgICAgICAgICAgICAKICAgICAgICAgICAgICAgICAgICAgICAgICAgICAgICAgICAgICAgICAgICAgICAgICAgICAgICAgICAgICAgICAgICAgICAgICAgICAgICAgICAgICAgICAgICAgICAgICAgIAogICAgICAgICAgICAgICAgICAgICAgICAgICAgICAgICAgICAgICAgICAgICAgICAgICAgICAgICAgICAgICAgICAgICAgICAgICAgICAgICAgICAgICAgICAgICAgICAgICAgCiAgICAgICAgICAgICAgICAgICAgICAgICAgICAgICAgICAgICAgICAgICAgICAgICAgICAgICAgICAgICAgICAgICAgICAgICAgICAgICAgICAgICAgICAgICAgICAgICAgICAKICAgICAgICAgICAgICAgICAgICAgICAgICAgICAgICAgICAgICAgICAgICAgICAgICAgICAgICAgICAgICAgICAgICAgICAgICAgICAgICAgICAgICAgICAgICAgICAgICAgIAogICAgICAgICAgICAgICAgICAgICAgICAgICAgICAgICAgICAgICAgICAgICAgICAgICAgICAgICAgICAgICAgICAgICAgICAgICAgICAgICAgICAgICAgICAgICAgICAgICAgCiAgICAgICAgICAgICAgICAgICAgICAgICAgICAgICAgICAgICAgICAgICAgICAgICAgICAgICAgICAgICAgICAgICAgICAgICAgICAgICAgICAgICAgICAgICAgICAgICAgICAKICAgICAgICAgICAgICAgICAgICAgICAgICAgICAgICAgICAgICAgICAgICAgICAgICAgICAgICAgICAgICAgICAgICAgICAgICAgICAgICAgICAgICAgICAgICAgICAgICAgIAogICAgICAgICAgICAgICAgICAgICAgICAgICAgICAgICAgICAgICAgICAgICAgICAgICAgICAgICAgICAgICAgICAgICAgICAgICAgICAgICAgICAgICAgICAgICAgICAgICAgCiAgICAgICAgICAgICAgICAgICAgICAgICAgICAgICAgICAgICAgICAgICAgICAgICAgICAgICAgICAgICAgICAgICAgICAgICAgICAgICAgICAgICAgICAgICAgICAgICAgICAKICAgICAgICAgICAgICAgICAgICAgICAgICAgICAgICAgICAgICAgICAgICAgICAgICAgICAgICAgICAgICAgICAgICAgICAgICAgICAgICAgICAgICAgICAgICAgICAgICAgIAogICAgICAgICAgICAgICAgICAgICAgICAgICAgICAgICAgICAgICAgICAgICAgICAgICAgICAgICAgICAgICAgICAgICAgICAgICAgICAgICAgICAgICAgICAgICAgICAgICAgCiAgICAgICAgICAgICAgICAgICAgICAgICAgICAgICAgICAgICAgICAgICAgICAgICAgICAgICAgICAgICAgICAgICAgICAgICAgICAgICAgICAgICAgICAgICAgICAgICAgICAKICAgICAgICAgICAgICAgICAgICAgICAgICAgICAgICAgICAgICAgICAgICAgICAgICAgICAgICAgICAgICAgICAgICAgICAgICAgICAgICAgICAgICAgICAgICAgICAgICAgIAogICAgICAgICAgICAgICAgICAgICAgICAgICAgICAgICAgICAgICAgICAgICAgICAgICAgICAgICAgICAgICAgICAgICAgICAgICAgICAgICAgICAgICAgICAgICAgICAgICAgCiAgICAgICAgICAgICAgICAgICAgICAgICAgICAgICAgICAgICAgICAgICAgICAgICAgICAgICAgICAgICAgICAgICAgICAgICAgICAgICAgICAgICAgICAgICAgICAgICAgICAKICAgICAgICAgICAgICAgICAgICAgICAgICAgICAgICAgICAgICAgICAgICAgICAgICAgICAgICAgICAgICAgICAgICAgICAgICAgICAgICAgICAgICAgICAgICAgICAgICAgIAogICAgICAgICAgICAgICAgICAgICAgICAgICAgICAgICAgICAgICAgICAgICAgICAgICAgICAgICAgICAgICAgICAgICAgICAgICAgICAgICAgICAgICAgICAgICAgICAgICAgCiAgICAgICAgICAgICAgICAgICAgICAgICAgICAgICAgICAgICAgICAgICAgICAgICAgICAgICAgICAgICAgICAgICAgICAgICAgICAgICAgICAgICAgICAgICAgICAgICAgICAKICAgICAgICAgICAgICAgICAgICAgICAgICAgICAgICAgICAgICAgICAgICAgICAgICAgICAgICAgICAgICAgICAgICAgICAgICAgICAgICAgICAgICAgICAgICAgICAgICAgIAogICAgICAgICAgICAgICAgICAgICAgICAgICAgICAgICAgICAgICAgICAgICAgICAgICAgICAgICAgICAgICAgICAgICAgICAgICAgICAgICAgICAgICAgICAgICAgICAgICAgCiAgICAgICAgICAgICAgICAgICAgICAgICAgICAgICAgICAgICAgICAgICAgICAgICAgICAgICAgICAgICAgICAgICAgICAgICAgICAgICAgICAgICAgICAgICAgICAgICAgICAKICAgICAgICAgICAgICAgICAgICAgICAgICAgICAgICAgICAgICAgICAgICAgICAgICAgICAgICAgICAgICAgICAgICAgICAgICAgICAgICAgICAgICAgICAgICAgICAgICAgIAogICAgICAgICAgICAgICAgICAgICAgICAgICAgICAgICAgICAgICAgICAgICAgICAgICAgICAgICAgICAgICAgICAgICAgICAgICAgICAgICAgICAgICAgICAgICAgICAgICAgCiAgICAgICAgICAgICAgICAgICAgICAgICAgICAgICAgICAgICAgICAgICAgICAgICAgICAgICAgICAgICAgICAgICAgICAgICAgICAgICAgICAgICAgICAgICAgICAgICAgICAKICAgICAgICAgICAgICAgICAgICAgICAgICAgICAgICAgICAgICAgICAgICAgICAgICAgICAgICAgICAgICAgICAgICAgICAgICAgICAgICAgICAgICAgICAgICAgICAgICAgIAogICAgICAgICAgICAgICAgICAgICAgICAgICAgICAgICAgICAgICAgICAgICAgICAgICAgICAgICAgICAgICAgICAgICAgICAgICAgICAgICAgICAgICAgICAgICAgICAgICAgCiAgICAgICAgICAgICAgICAgICAgICAgICAgICAgICAgICAgICAgICAgICAgICAgICAgICAgICAgICAgICAgICAgICAgICAgICAgICAgICAgICAgICAgICAgICAgICAgICAgICAKICAgICAgICAgICAgICAgICAgICAgICAgICAgICAgICAgICAgICAgICAgICAgICAgICAgICAgICAgICAgICAgICAgICAgICAgICAgICAgICAgICAgICAgICAgICAgICAgICAgIAogICAgICAgICAgICAgICAgICAgICAgICAgICAgICAgICAgICAgICAgICAgICAgICAgICAgICAgICAgICAgICAgICAgICAgICAgICAgICAgICAgICAgICAgICAgICAgICAgICAgCiAgICAgICAgICAgICAgICAgICAgICAgICAgICAKPD94cGFja2V0IGVuZD0idyI/PhhE6n8AAAAgY0hSTQAAeiUAAICDAAD5/wAAgOkAAHUwAADqYAAAOpgAABdvkl/FRgAAB1RJREFUeNrs3V1IU20AwPFzbENcLAu/WFrh7MtwouGFRR9TS8aI6KYLiwiLZRDVgoV9QeWVgkQX0sUgkggqKKOLYJRuVJaEZBdmFyGWZZaLYCXNxLW9F77w8n7VeU6a7jn/3/V5zplP/845Ozs7U+12uwL8TApTAEIBoYBQQCggFBAKQCggFBAKCAWEAkIBoQCEAkIBoYBQQCggFBAKQCggFBAKCAWEAkIBoQCEAkIBoYBQQCggFBAKQCggFBAKCAWEgqRmMvT/kpSUpUuXFhUVFRQULFq0KDs7e968eWlpaYqijI2NffnyJRwOv337dmBgoLe3t7+/Px6PG3auVAM+uVpVVYfD4XK51q1bZ7VaNY4aHR3t7OwMBAK9vb2JRIJQpN5/mkwul2vHjh02m033SoaHh69evRoIBGKxGKFIuBdxuVy1tbVZWVlTssKPHz9eunQpEAgYZO9iiFByc3Pr6+sdDseUr7m3t7epqendu3fSz+GcBQsWyP0XOp3OxsbGvLy86Vh5Tk6Oy+UaHh5+/fo1oSTx4Wb//v0HDhwwm83TtxWz2ex0OtPS0p4+fUooSfnW98SJE1u3bv09mysqKsrLy+vs7JT1lEXOUFRVPXbs2ObNm3/nRu12u81me/ToEaEkDY/Hs23btt+/3YKCArPZ3NPTQyjJcfZ68ODBmdq6w+F48+aNfOe2sn3Wk5ube/To0Zl9DT6fLzc3l1Bm9amJz+ezWCwz+zIsFovP51NVlVBmqaqqqpKSktnwSkpKSjZt2kQos1FqampdXd3seT11dXWpqanSTK88txm43e7MzEx9Y8PhcEdHR09Pz+DgYCQSMZlMWVlZOTk5paWlTqdT3yeIGRkZbrf71q1bkhzW5fisR1XVK1euLFy4UEcifr8/FAr9370mKSkpFRUV+/bty87OFl35+/fvd+7cKcclOEkOPcXFxToq6erqqq2t7ejo+MEdSfF4vKOjo7a2tqurS3T9NputuLhYjhmW5DrK7t27ly1bJjSkra2tsbFxYmJCy8ITExPBYNBqtRYWFgptJZFIyHGtVoY9iqqqa9asERoSCoVaWlqEDgqJRKKlpSUUCgltaO3atXK8T5YhlPz8/Pnz5wudlzQ3N+s4dUgkEs3NzeFwWPuQ9PT0/Px8QpkVRK+d+P3+aDSqb1vRaNTv90/ryyOU6SJ0djIyMiJ6+Pj3YWtkZGSaXh6hTCOhD1aCweAvfusiHo8Hg8FpenmEMo2E7pd+9uzZr29RaCW6LwMSyhRLT0/XvvCrV69+fYtCK5k7dy6hzAqT3+3T6PPnz7++xUgkon3hGf80m1BmbtZSBOZtfHycUGaFsbEx7QtrvBT7Y0uWLNG+8IcPHwhlVpiSo4mQ8vJy7QvL8fUwGW4zqKmp+Z2bU1W1qqpK+/IvX75kj2JE5eXlQoceQjEiVVV37dqlfflYLPb8+XNCMZzq6mqhOw36+vqEzrUJRQZWq9Xj8QgN6e7uluSKAP/82nm93oyMDKEh9+/fJxRjqaysrKysFBry4sWLoaEhQjGQzMxMr9crOuru3bvSzAChaHqnU19fr/2xgJPGx8eF7kYglKRXU1NTVlYmOurevXujo6OEYhRlZWV79+4VHZVIJG7cuCHTPBDKj2RnZ588eVLos+JJwWBwcHCQUAzBbDY3NDQI3d8/KRaLtba2SjYbhPK/vF7vihUrdAxsa2uT5l0xofyE2+12u906BkYikcuXL8s3IYTyH5YvX37kyBF9Y8+dO/f161dCkZ/FYjl9+rTJpOdOnfb29ocPH0o5LYTyT4cPH9bxYARFUYaGhs6fPy/rtBDK32zYsKG6ulrHwPHx8bNnz0p50CGUf7JarfpOTeLxeENDQ39/v8STQyh/8Xg8Oq6aKIpy4cKFx48fyz05hPKnwsLCLVu26Bh47dq1mzdvSj8/hKIoiqKq6qFDh3Q88aa9vV30KRiEktznsCtXrhQd9eTJk6amJoP8AhihKHPmzNmzZ4/oqIGBgTNnzhjnZwUJRVm/fv3ixYuFhkQikePHj3/79s04s0Qoyvbt24WWj8Vip06dEnqSG6EkveLi4lWrVgkNuXjxYl9fn9EmyuihiP5KWHd39/Xr1w04UYYOxWQybdy4UfvyY2Nj+p47SijJbfXq1UL31re2thrt1IRQFEVRSktLtS/86dOn27dvG3auDB2K0EW2O3fuyPGQLUIRJvTLKg8ePDDyXBk6FO3fOE8kEvL98CihaKX9p9yi0ej3798JBT8hx7NiCWXaSfbbtIQCQgGhgFBAKCAUgFBAKCAUzCzVbrczC2CPAkIBoYBQQCggFBAKQCiYIiYj//GhUEj7whUVFexRAEIBoYBQQCggFBAKCAUgFBAKCAWEAkIBocDY+F4P2KOAUEAoIBQQCggFIBQQCggFhAJCAaGAUABCAaGAUEAoIBQQCggFIBQQCggFhAJCAaGAUABCAaGAUEAoIBQQCggFIBQQCggFhAJCAaGAUIBJfwwAgHoStmGbV0UAAAAASUVORK5CYII=', 'admin', 'admin', 'admin@boogle.edmeeleon.fr', '$2y$10$s.HHKAJMA868P74ez.xzKey3PPPESS4zgsyhQQBWyvb4YBB35tzfG', '2023-06-04 13:42:46');
INSERT INTO `utilisateur` (`idUser`, `photoProfil`, `pseudoUser`, `login`, `email`, `password`, `dateInscription`) VALUES
(4, 'data:image/png;base64,iVBORw0KGgoAAAANSUhEUgAAAKgAAACwCAYAAACbziVCAAAAAXNSR0IArs4c6QAAAARzQklUCAgICHwIZIgAACAASURBVHic7L1bsyxHdt/3W5lZ1b1v537BAc7BZXAlyOFcSJMzDJqUKMkKBm3yTY6Q/Sw/W/wG/hzyE9+soBlhRZiiSMuUKFpDcsYYiNQAnMEMAQxu5wDnftm7uzJz+WGtrKruvQ8GMxwGJYUL0eizu6ursjL/udZ/XXKl/C//46+rCAQRRAQJQgiCSBjfRUAEEBC2DwVV+5fOvlf7n05/0D7RWtFaGXImDwO5FEqplFpRtXNqVarCkCt5yAxFqRopao2pBAhQCfTLBYudJYudHRbLJYvlkn65pF8sxldMEYJSKQx5xTof8ejoAYeHD1kNh6zXh5SaAR2fQYC9nX12d3dZLndYLJagsD46ZD2s/bmU3cWS3eWSJEKolbxacXjvLo/u3Wf14CGrBw+RUpECSQJ97EkhIgQCQi32rForqgrV+01tPEQghIAEiCEQYrTxGLtZUSolV0oplJzJuXi/Fmqt1LG1QgUIkRAiIXWkfkHqF3T9gq5f0i160mJB6npS3xFjot1QS0VLZbVacfTwIUeHRwzDmmEYSF0ipUhcLEh9T+x7YtcTF0sWy13ScofYL5F+CTFCCP5qHW4Am9AiJKWCBlQUEGTEm6IqQPWhkhGBjkfELyUbHTUHsYznaIOrKloNgFoVVXs5MmfQaH+oQUbmV2x38IeT9nACwV4SBGkdIAFFkHbdEAgSiCESYyDWQIiBadQVakFrpeRDhpUimqGsEYQhrylDBipVlRyUHLD7KVAyWgtaM1rsRVFEWz9WVAMyn8CtD1AQaylBCPjziLdfZOz/1t+qdWz2KC90ds1avcfs+YMI1GIToSq5FOpqTUlH5O4Rw2LBYrFDXS7Qvke73oVXAAJBhKiVqBBRhlrQnMlaqFkIOTOsVg7SJX0uBLWxo0JSga6DlKbxDvMxn9qa1IGmakOv0vpIUK0IDl41WOjsGsocSvOLP+bQCZD2comhk6ydrtze5tOgAVUMnDL73P8pYlIf71DZFvtigy7RQBrEpFhsGsQfSP2+ooVa1tRBydhA15zRUlCtVK3UFKhdREkjAKUqUtuELFAcKyJkLaP0D4hJuDL1gHi7GkjF2w3YpKZs9pSqaybrS8GePVQFqTZJZ/2oG2pQoRQfG5PAUiu5VqRkZMhoPxBCREIgpg66RMSEYAxCdLGhpVIK1FKRPFBLJpWClmp9WpS0KNRcCYse6XtC10EXEYltADfQlTZF3vSHzUpBpSJV0DDNwR/20PY/9Q5WU/HMpWe7uM7AOd6sAVBAw/S5g2qOURVcggbEpakC6lJJcPoicQIyDloJhODQFNMWUSBqRWqmDjZJa6kjQFWrS8jiUjzgKLG2aaXWijQdS4ZSqRJdphtAtapPpkAIEaJTLdp1THjUYv23paqmbgpGHBSFBCEY7WidNOml+Y/ENQyIKlIKdb2mNE2SOyRGJERkWUkhEIAUgqn0GIhBjJbVQtUKVdBaqaVShkIthbwe6BZr0nJNWi+JywVpuSTQI9JDNAk9CRUlzdW2+j+mGauGF7Hx0hlWmBTmhvo4+RCXmDgoHa8OTt36nY6q68RL2b3F2yubL+PMMxUvLm39oWU8xwAaMFWvMaK1EoNpGwkCtRJw1lCVUDMKhFKhFiqKaEVqQaiINzg4pw8xICE6AJTqUqpqRbSME6MWNRCHQIzRHjMIQQNIo1quabRSSh0FCA7gkRKM9oONUJVACDOatgXQJjx0nL4gtaI5UzF6QCkjQFMIaEqICDEEUoykGIgh+MRpYwpFK1rUJnStlCGTh0xaD3Q7A33JoJUU1LVdgKaFfJzThqLWhjh1jjSpTmhCZeuz4+g5fjg5moOUWkeVI+NV22yYD8jm9UUEPWax+VBLcMkZHJxhkrBj+wJCJFJIIdKFBDER6BA1CRpFCTURqFCnRgSnIkqgilJQKkKSQPSZHwCVQEyJrl+Q+hWp61EpaK728udH7blHCaphNGQoAaEAZqy2oyoG9GqG0WSZOqCJE18UIaKg8VPHp9GZ1h4JTZIbzRiNt1DJeU3KCQmRECClQEyR2EWUSq1hEnINV7WgxQhSVqWWTK0DJQ+UmlmI9W/sOqSvTAJFSNIAJA0eDZw6AaV9eQIU54zhMx3aJKROc8NV2ObFNkyImQCY3blJzSDQgCnTe3CQbpyLSTckECWSQoLYEaUSyARRkihRMUVZXIVX53n+oFUiEaWKEp3HhjZJBFLXUftK1/V0fU8mU3VAK9SaqbU6E3CPRVGC6Dj5ggTqSF+87TMDyKRxodap51NKxj2d+oRmtJ14yFZ/zr6RNtV8QjZhUgt1SORhTew6QkouRU2S1loJpY4asA2m1ErNxYzjUmC9ogwDZRhQCiEKMRgdSvjzOt1Js2ZtNVU3P5fpjB+Fh44cdCYZ26y1kQrITN3r+N9cNTVO5tIxGjBDjIRogGzvIqH19vTATVY7B+1igq6nC0qtgAaCFoJWV91qHbtugDJVGRwExIjEQB87kkQbUrV7hhDp+46yu4uoklcDw3pNWQ8Mq2yDUyuaFShAQYGqlUIlaAEVs3hViOp8WUBiIAqUYr9VNRBl77foBs3YTiZ34Uh15qMo2yNq/bRhBPt45ZphtSKpEkf+J4QYSVXRNDeCncbN7ibqErIWas6U1Yrh0SNEhC5nyNlcYBJRgdTG/zg4T1be07PI1vmPO+QYmWyW59QD1g3TY+gck5v3ch5phlB0VZPMpxej+wvdQGpWeeOeCIi5e0IIEDtCX9CiaAGqQBmgZudelbo2gFIMCIIgXSKmRIyJ2JmfMAanE/6oMUYiArtKFyPr1YrhaM1wtELCmiEEypApFONO2aZm47WlFqcoxR4gQsKB511WawURtBRKLT65FQ1KcC5LCGPbQnTPwDhhddapx8d1w+Xow1JKQXVFEyUSI4iSYtzwJqgar651Ns5osz2RWiAPlLUwBDMsNVs/h5jQEFEgNQZokqnNNszNITLOwONKfQuEjwOpbv2hx08Vv2e70kg72u9lPMtg3FxJLj1jdHDGOKp3c0Od3NYwPbGr0ggEahWooIOiucKQYT2gK/N71lKsj7oeWVRSiMSuuduZRE3ryxiMVwluACVS1xH7NevVmmE1MKxWhJKouYyTNmBSs3E6cbdSjWK+1MY5g6nAAlDco4Fx1NF1FBJEkOD6SMzhP9rts6GdWwLTsE4Ga+POFcilIDnT7G5S47nmaSij50BnBt3M66KAmjFW1iv7oFa0FlLsiMmCA6nxMnFVGJx/SJApunQy9DY+n2z6zWNkIxv+zgmlc/owG19A3HqdndS4pLuPQpjUemxuEFdvElpnywZO51Mt+PdU7FUwldvU+jCgqwE9GqjrNcN6MIXQZygLupQIdWnWe1WPiMxnmhBSNMs6RGKX6BYL0jLTrQeOHh0iKZgrphR35oOWSh0KmgtVqrXNmrcR2TMvgY+VW9EmsSpFoVYlBKVW0yyxna/OU90IEo/ObcoSU9EVZt4WnJ6ZZV9ihiqEmEhzX6tUKK2nq9GncQCEZvOpewjKMIzg1yGjXQ99hzQjaQOcYg8sTVLNxP/mQH+K1Nw6jp/VZpNipoh9EkRtLIq2PnJBOgdqa8tkCLRXnP27+SRHrdDu6o0Rp5SarZN0yCYxs78PGV1ldDVQVwbQulpbR+YCtdIvFuhuRkqAqFMb5+0MAgRiJ8QUKZ0S+o7YdxYs6AJ1qJRskSstSs2ZzJqCtbHgfs9qfTRKZA9HB4EiBtDgarU2geBAbSgXhaAVdc5vfN0CMm2oR4k5qmv/9ajVjLbVUpFQPVhngYEQov22GeNo+8c49joaYAb+UCqVbJK5mk8hiLUtBW9YGAd0FpefIXIk2Bv9/3iQ6rF/zP5o0gWjfaHN1CpIExejumn3mEnQsV0y8csQ3Sho1KTlEsgcnjbHvQdryZT1gA4Dul6jeQ3DYJJrldF1oa4zOgxUl6jNp4dW8u4OdT2YSyeaZBrFQ6OjM5qH+w5DikiKSBRSnyhDoWRzZpchU9Z5fLaaq7XHfYwqFZFABI9ZGGFJQVCJpindaKp1sy9rVQImXSUowc8zy189atXUMqOx08BewQMcbehd6nngpTpQVAIaFNT8sFXm7ZAJS01z+hg2WaTeVhEljY1ywDSV3sC5bRSN/z8Rm1sfzlT6/NQ2CaoIQU1qWsxZKdUeYrLgJ0tx8x3jUq6qQoseeQhTWqLLTKTJrF1UtYEfBurKpCNljQzZYulDRtcDOmQHaYahoLU4v6qU9Zo6ZCRFS0bZ7pt5d4yGm7uikqno1HWW0JHL6MjOaT22Oq8HsrqaVPOdBsyGE0DijIq5d2MEqJr7ag646j7pUIQSdAqpCnZtB4r6eeYNq4y+0llHqlqCjxQz6BTGSJ4RX2m8hMkz6v/2CdvGTGKcXqElksS5m6mNv4HgcbxzDj5GW24a/PYQOhcfc9vIOa6GSXIGUdPqo4N33qYpRNkAKjINdFPp4tIyYMbTGFc/6ag+gLlQ1pm6HkYwShlgGCjrNWW1Jg8DdSjUYhJMnIOZOi4e5kyWfBGAOsvOmYNUwU8A1K3qiVLVaJI1dh0p+avvWR0emaWcCwxl1kfqRpTz7DDLOhv7TYhpGisbFzVpPBszqlJDRVSoQabxGrNPcG7kvmkTcR4+LgzisAsJiYnYOfVQkFwtZApUCVOwx2dFSJEudcQumecjJadriRDErfgGaDal57yPNw/dAOP2eSM4R4etP6jPUgSLFwsmQbW1VzZvNnLf5jh2gHq20uhSakkfMjPuZjFdHWP9MhHb0gA6OEAzDAOSB3RYk1cO0mGgDMUjP7MHbPH4XNDi38/5iky323yoMD6bRONukiDWaAKyVmrfUXoDqLlxxKS8AKU2ywVVpdRi9EyNt41aZRZF2xjPWox/j3zSO79akEDr5mhP/mpc/ZpaJ3i8vwLZPot9IAUhdAnpeiIgRT0zQJhyqpqqF2JM9IuerjPLPaToNM0k+6YEnVqxqZ7k2Bnjx9Mpkwy1/mqNmWSsGTUttuxcZ94TY4c0lTC/U+v0AGLZL2EuQSV4gtNMyuISVQRmrqAmPWt2h/kwV+lr6npFXh+R10fmqC/ZeGczNERMLdmI24BlcwVpmLpQxQHYPA/TozAmN4j/syWGhFkmlkeGUpfIj44YDo+MC+fsGUJq0q+qhRIlAGWkQaMdIVOM3trfXE1bg9tUd+sn5hRvpsVwfopgqYP2sFIsB7XverouIbGjC8GAGQIqwTlAk4g2dil1xGTqvaU9moBRkt3mByr0jWMTpJsPKGNkaD7zTAWoBkSM/DZLb/bI4+/aS1vvuBsECZ5oa5LTHPNxpuLDmDs5ahGkwXQ8ai7kPJDXA3XI1CFbcsSQqasVZXXEsDoir1c2ALUirprHiJUDT2sdEypUTKJUmZxpEqMZRTprgcyR2cZLPS0Oy2ZKgdhb+HK56FnFyEqEIawoKyjkMR5fS6VW48dNYlu3y8jRLeMoujtuloweZEriQWfaxpo3paQwonVU/2pjZNZ+sT7I2SRf6knLpeV8xgSNVxIYk3waNWmeF+foIz9FNyXoXJTPUai6OZMee2yw6OkCMv6vXc9cTBIMpKP0bFLS84yjQgwRJJplKJYdJDFCjJ6M0VtG/XKHxe4O/cIy6VPqLLoxy62MQC0DuWQoA9r31H5hbhc8EQPxdLeEdB3NuxejJUWkFAmd+TQXezss93aIvWWeW44nVE9kNoCaARC6jth7StnorFY2O3ri2dZagaVJ536xZLm7x3C4Yjhakddraq42qUp1L4Bx61LqyJlHCyEENAQD1AgEcaPJB0/Eo2UOcpnTaRnbLc0gmudUgPlvJVNypqzXlq2fLGZP6gyoPo52uGsrNFDOgitiGErb+lubHqS5ZGTiHj47RTa69bGHnTep8zG6O0pQddXnGTBi3wUJ9IueU/unOTh3keXePt1yh9jbMoRusaRf7rDc3SV1nQG1S8QU6brepVx0PupqbRyHSsmDqfc8UPPgHLKMLhN8SUrV6mNiYcI4C6OOHDiGUUpZz01SSBu/a54G55MTQFtfb/Ta5nv72jOeain+8hS2XEChFo/l55nLKhtYhtUR+eiQYXVEzQN1WJuWOHzEo7u3OLx3lzIMboBNvLWNmo1li+IZoKqahT+6CFWtD7OQVytWwcKVkhLSW0Y+yQAqoS2DmKTlpPJm7zgHbUaNuLi2yIJLgDkv/SyonHXvJodxXjlLJJAgBlKU5d4+F595nieee4Wzl69wcO4ip8+eZWd3n9R1M2t98m9uN0Y+k5jfOnQbIJ/x4f5ax/wCJ93/026gn/onzAygrc/m/lGthfV6zfrwIffv3OH+x9e5/f73uf7WG3z81pusDh+NPuQmhUMzUEU899X9qDCdp5WaB/LqCEmJ2PVI6gmxswSc2TKcyaE6p4mzCSrM80E3Z+4GFrd1/Ayzj+9SaVLafzJZ0m1uLndP8eQrn+f5L/48l649w8GZcyyXO8d7/G/y+FFA/eNtwF/v/BN+ftJEdXm1cSx39+DMWS5cuQo/8VMArFcrbn9ynZvff5d3vvknfP+1P+XowQPHUhiNp9BsiRBGejSmNipoKdTVinV8SAWSViIQOiUsGt+UTUDSFPZoQMyWfGy8j6gal0pMiJWZvpy+OCZcN8S1nRYC9Lv7nH3yGV7+uV/k2ss/yf6p06TUHe/l///4Wzn6xYLLTz3N5aee5uWf/QoP7t7hvb/8j3z3T/6IT773bY4ePKDkbCByxFc1xmwJLu7or5UyrKmHQhk9Am6hd2kMAW8xzFHwNSGWGr8cQ01YlrjlPZxk31cXqDPxOIPnhtvJTxER+p1dzj35DK9+9Ze59tyL9AvjJfXhAwZhTGUb29KE9nzitHVRjczL/HxnSzr/e/b96K3Y/tyfpfFFnV+f6fta3X2mx++/cT0z9Mbf61Z7t3+nm+3feN+632z0xv6Zmr0pKMbnV5MM03Xa72ffi1Gt4+2FnRR44dXP8/QLL/HBd9/ijT/+v/jkr77L6uH9sRFj0o2/VNy1JID6ArrVihyiLc0OAnWB9ABp4uQz7tk0bmoNnx/NxyWzHxw/dPz/FhPccHWB0iNcpLL/5je4/vofcaMMvpSi+kwUX6yVES32d+x8ebBHKSKwuzDCHZuzHo9pB6RUwuERogVPLyQMmaDVsn4WCaIQVZFaxs9iDBbRCQHRiifnI7WaIZSSOcLzmpgfIWT3QBTEF9iN0I8J9i7A8sAc3+uhGceTKnMJoika6HO1wSieyXO0QvPgy55XSG3LZMTUqIrFBFTMBevhTFuZYgAsqtTs6+QraFpS+wVFhKpCWQ3m7y/mQy2DrbRUtYhWrXggI5urVQL0HRoie8tdWOxzq+9ZDSt7dpeGMo64OeVNklreZ10HMhberS1XNgToBAuLNqxNIs7gO6MAG46hbRW9icGT/jlxUhfpSWBfhMt5Rbr+IVI9zBeCtakCtSASIdgKSs0WeUAzIZiTITjiQs0I0cDrKwkRDGAxICQYirmJtBJDJAyVEBWCIikaYH2JdYympkIQJHoObK2WltbaKe37QNAINTvgjIP5lHTsGVxt6YZ3hAPd+tJFlBdjMAnt8ZWWDKK+bl2qu62U4KAMeMZSi5hGQYoPumVqkItdrwT7nhTQRe8ZaoEyFKOKqoSIxdJRiig1BmuPgNZMQCkCYRF9hWdGH9xl/+gRO3unuRWW3F+tzVc6zj8DZ1ALrDWHt5SMZqGsjiAIVSsBJdYeus7GtTnzZyCduZlm8JwT1XbjE1F6grUIiCj7/YIztXD64U3k4YMpw32MGYstmSg+WDEQtLOOrNWkY1AkeoRIHDSYlJPU3DsQghJSQGNPkGLSWAIhYllOWk3qNRAqtrRDqktqiLEly7hbKjanuTv/tVmeESgjXdh8+HHx7szmnJKs7YLeD41STXp1Uretd3VOK4L7j+MIUsv4sfuFaNIzSnAfqHtNuiXquZVSbHJoCCRRSq42kSLm9/U0OqmFGiwuH7qOKkJUWx4dglDzGrl5nQv9gsXiFI9i5HAYpvVUeNSXluxcRxdUWR1RVYm1mgFUK1EU1/e2jGfWt6npIOsb3ZScIyofp+a3qAEmTdKQubLoWNy/YRlCnS0HCE3iOZcMUSCZ2kUNZJKSSdpaPClGPPzlv9dCFHPAhc5mW4wBTRD7iEiHrDOiauGzoEhtk0BGF5Vkk2wSmZZEBEFLHZfsBkeKhOBRsIQwjCA+3h2+4tTQYyAU9cnZ+tUozcgpXZSqa5cRnL7qs6qAJM/6F0tokTim0hmdsgiBtDXwIaKqlinVL9G2/EMVFSUloVS1vFufxKiY7TvUsa+k6yhhWhodJPjCOF9u8ughB/fvs3PxKd45PIRFbyl/43owZ6cKqsXWyudhNIagrWuy1D9JCdHO+8QEQtIRWbOQ5wbuZJLf+jiZ2c5UTsfIZREWNz8wwLeYNeoJsi381toghGoazaRhRKpAdV4ahJCaFPVcVS2E0I+/R1wtByHs9CZpizpXjEi2PEihmMTEuKWIVcawFSIGnEicom2l+OcuF0KAGp11Go2w/ml8XEfAtX6TMYTnfRijeUZErDSO+4SpXhCCiCz20HPPwsF5dOcsuthD0xIdVtRHh9S8Qg/vw72PCQ9uwuEDlOJzQIBiGmDZE1OghmDZ+lKRTigZW/ckxuEL1t+1VGurGjhxYFc33GpVYrH17gLOmwvx+ns8c/4yH0vk3rCG0IpizNyTKkgrcuETq9BySQuhZEK/IPbVpHnwJR9z209R77xtkDJy1BMQOh77WrmSM4uHt6m1eEkTUz/QvBIuocQkFwIxBpOMfp/QRUtertaRITgFCCaRYlAgI6kzUEVPtE4Yl5EeVoO7PpwqZLuOBk9zK0pQz+ePDtYY0FBptWEkuvXbVhikZOROowHC/YJNJU1O7c3p62beqM01dGZ4pCU1dbA8BXsXkd3zsHse2T1L7ffRfocsHdL1Fr0phWFlS3br+hCOHiKre8j9W+jt90kfv0W99RFh9cgmUd/RQr1WfMFpQLBxoBMnikZbzFMCpESNEYhWwkeV4pyxqqlk8bXyxYVEenCLJ05dYIXyME+lclromipYyZ5pMqtXXam1EmsheiK4pJ6Q1BcKtv6VeWbRBMrxI/10cC5y5mqsLO7fRHMmdNEiBxJbjofZeWoSNbRwYZOm4lwRB4QkA5WK2YTJH1SC8VDNtljNQdpWLYYoBjgKkqtxxmD0RcTsBvMAJFva4Y85ck0iFPVaVqGlNhhYi5h0qCbuJ5cMo4sJLBHbOKSiBDTtIP0e9DuwcxZOXSTsX4T9S8S988jyAA09GhMaOtSL15RSrIoJ+PNVUlzYOvN62uooAevDR5SnDuHoAdx6j/jRt+nuvY8c3kLyGkp1XijECFoyEsSYdArkYjQIUaT38CSBMQ+ymHap2WhILdWW5wQhpmSVBksl3P6Yq2cu8L2Hh6wirjEntmgu/ehAmpJTaqnknInDQFivSP0OcbEkdtXWJM1dRRMGW0a73WgU1SccS+CZPtLdum7iulnBglvLgIhzPTwBo45qPpp1YlZ7Le6CwNRwyZ4oV02CiYNavdSMmBU7WuMixD65gTEAisQEVFoRGglWBcOyjHSUzCKWTCFajfO62pDouQIhupUZsXXK0dWf+BLgSKVD+zPI/ilkeQbZPUc8uAS7Zwn755DdM0i3ayAOnVm8MZJzJqXk3FLIeYAQSNFkSK0FkUQIJmlqrdAlM5RCYN31DP0uw+IU4eLzDI9uEm++TfrgW8Sb74GuRo6qpgSIIYFaBbkSlCSREq1qiHlXxGiAKmR3HHnfVIHQ29JgKtRsEjHeus5z5y7z3aMVK1+qHYgEcbwr5jpr/9VCybbkJq/XZpQtK7350iY309zVrkzO+sarHgfPBFwOwvLW+0itnobm3FLUyDZuiMSWZMzo6gmjT1NcwtmTjNeoCSnF1syghBTHCEYoGTT5MoFpdWMIAovOLdJqndL3yDDQUvEsS8qNCtExMTg4GNskMG7jzu6gllUFVqamBjQt0P1LhAvPIBc/R7r0POH0JcLyFCz2Cf0uxI4xVaZdDjM02tqprrNoWktyEYFhGIhOP2q1h44xmmQNwWt/ltGxbnWSIuuhZ0hL1rsXieefZ/HRt4hvf51w/7bTQiH1HVmFWDADoAsE8dQ4rUhNtrSlVDc6qxlWmOdA+khF3KCt3kYzdvs7N3jq/BXefvSI6qpcaxNMzT3nORlishWxYmylFDQreb0mLYfj6Xbqlt7ETCev/vEYr3IGOH3/hqnd5BIyCGNOQC0Ek4me/WNqxgp32TVC9PMFtH1eKzGayg1VjEMFjIM6eQ+iUDIB84sG54zBneGg6CozKV8d1Z2Vy4kwzCy/4M/sSSwq4isiEyoJ6QI17CM7Z5ALz5CuvEi88Bzsn0O6JaQeQmclCn3AVOy5a/GEZmVM5mg5pYz81AatgSimtCEYDJyVvu/sOYPYunkJpJRQVdbrFX3uOFqtKaVnFTvCqUuUc88Q3/hDwoffJSYzhlJVshdMk5CoqSeVimjAy0UwrAcbF9TdQYL0BjUptlQnSKBSiEHIYm6sU0cPOLezz41HD824bsLX/cQ2S1verIdIS6GSIayph4m0GkjHReNWuEyaXG3f+rsEdmrhicObxAd3kMXCwOceguBuGwliDtmgiJRJQvhir9BS2qJJ1giWsUQYJVjsAjr4kgap7tiXMcFXSiH0rv7doInux2wznBCQnMALxLR186TodTXFijakiHQLVDrodpBuD9m/QLzwLPHCc8TzVwl7ZyGkjQnbwDUmMmuTNmF0CU0LEWX8zUbPi+XJmoQ0adgqdARPUZsy43WkIVYH1lxPIg34dt+UEsMwsL74AnF5irTzb9EP/iOxrNCaSUGoIVp8XKzvLSnf/KQdYguCxQyi2MeRc1YxoNdaCNEiTtErguj6LGjLrwAAIABJREFUkCd2djnc2eFhMW9FtUX/zj3d7USLkIG2vN8QqVJALBA6QnLko2qSarRNTyCp/e4ul4/u0X38fUtIzZCSQIzEZJnzsant6K6gYJ+HGJDk1rTKaIiE5ioKAloJRJekAU0dUlydeJTEqq+p8apavZNlSpRJATRZIYbmN6xmsVXpoOuBgKRd2DvjHPEs4eAisneedPoJwsF5wnKfMVNnplfEJWxboBc85t1wFx1g7fOTYvJtee0EaqzkNjqq8ZZr2sYjxuAlaBjPq1XHpJsYEzHZEukYIyklVqsV5cwVypd+DTl7ifqXf0wa7hiXXNjkHldDgC1h8et3KFlAukRRscK81cDcbI7qz1tdQ9SipLu3uPrkM3xflYd373g5R6Wq57A2yeovgvFfrZUaCqzx6nbNAzqXltq8LZN/dCwEFQIXrj7Lma//nkkiLYSyRnIgxIXxqhQdjOKRGgdTgCDVytREN5zUhbyYZDV/pxtaalZfjMmIeinjgIpHmFrBgjZYU46noKmnCkjoqaFHwg5h5xTh4DxycIG4exqWpwm7pwm7Zwg7p5F+OQOMkxxtvAmLjMzNSZ245fy9taFFzubXa0cLWrTvY4xOK2bSdpbo0Vwz22OWUqDU6vTHjMW1rum6jpQSKUZW6zUlJepL/zX0e+Q3/i3p4SdotOI9o0QvBXMKeRg0BFIfzF9afOlytHBlikLxpO2qnsBcW6xCOXhwh2s/84t898//zBYZunuq1kqoSmml4Kui2or7FqiuAcZaOW2OzlW+S9KKO80drovdPX7i53+R23/0v5vEDMYHYx0gC6GzJI/grqEQrdBAiObKiGKuI1tThDnT1bmhV5RA8CoVZuhEEegTknG/uNI86iIeYekSNXSEfhft9wk7p5DFAXFxCtk5S9i7AIsDwvIAWewQl3tIWhgXbYD2JbnF3TuqXhep+f1KdX7ZJLKOBsI8uwoYs/lDW2vkQYupfE0YJ9Vc0oYwgaWt0GxhT5mB2STnJtCrR7BKga7rrAiZWhtijKyHgRVQnvkykjrym/+G9PBj5+UBKZmoyrjtgih0DvpiKlqicfQYLYFCJFisXpWanRubXYnev8urX/4Fbt94l0cP7vqqAFtDVatSfLOH7MUrhpaggoBkK9ywfcznufj/dERu5eyVp7n27PPciZEYe4tru/Nd6oAMQuiWhBDN0HGjSaLHvEOLCJmLxPho84OK+zVbCR4squQ+Oe0Smm0DAEqFxQ6ye5qwf4Fw5hLh7BPEvXOE3XOE3bPI8gBJC/eXus9udHnJqCatf8s4u21Jbx0z0Gs1blhn3481i9zdNffXjaV5pIVR22I7GTni9FnzfkwG03FaYCCN0aI0VkyugdTUvTLRipSiAzWMVn8TuDEE1ilRrv4UUteUN/8NcnjXBIHaeipz4Sl0XvG42nNHdx3iEaiIUCoENdEp0cpChgB1sAK8Fy8/yaVnX+TG22/Yhg2+80ipVnU55IKkjK7WCNUrDVofby07HuWoA1URlbYsaVRdP/nVX6LvFw604P60jGAWYaQShrVx0S4Z3wxWpFR8cZ+o+sNWjyh5il2rICczr0GMVqYQgX6XeO484cxTpAtPE05fIR5cRBZ7xN0DpNsxiSi2+K00EeOSKDIN+gYYvfBqLrYILZdsW+OUPO6E0c43yarj+za3DGFy3jdDqUlMEbGFd+7jtGW3XlI7TkW+mkHU3ieQNoldx1ESCRwdHXLr9m3e/qu/4u233+b06dP83b/7K/S+jUytla7rrJpJMmDnFCnPfIl6eJ/8l/+OlA+91LlVe4m9L9zLNhElugswBfACc7lWUoGSnVOLCbRci7spbWXqc5//OT557zvEmYZICrXrvHhaJS8zOWdKMQ6bi5IYL8P0PrdOmex6EdjZO+Dpl37SLO7oAx7EuCcWBguiBAohrwlFDKBpKnRlg+HOdl8wF1px+JBo+kHjAlnuw8ETdOefJZ29Sjj9hKnufmeUjK0OfNOBDTxVmySaHskMkwZKm8ltT6GcB0op3kllpuY3re3tY2ORHDN1P35eHaxGF3LOG1I1egnJGCNdav+2yhomESeJPAoRv/6jR4/4/d//A/7V7/8rbt28yeHhITlnXn75Zb7yla+ws3PeAO2Tq9PEkLNRqBxZ752Fz/1X5NsfMbz9H+g9/S50tgpUipKjub5KVS+zGN14Ns1TxVyC4JSnVJOs7hUQEZ589hX2Tp/lwa2PaSWAmhembYdTimmrMhRyUfLa/aCWWjdZ8tYDznccpc1hf/WVn2b34ID68D5h2UPOBE+Bi31PqJZtFIISpBCGI0JaQnW/nrSID54iZupEnVnX1BPPXiGcf5Zw6WX07NPEg/OE2DEvUqsKIVrq2Tx7fc7l5oPZDJ1SrLZSHjKlZNbrwcHZQDlt8bJ9nGSFP+7zz/J9i0O3e8YYWYfgG2IlK+8Y4ihxJzU9Ga1vvvkmv/d7/5I333xzw5310UfXuXfvPmfPnvNZ1Pw1zRCrpARaO+L5p+DFr7C+8S757g26mIx2YQksKVj4dlT3o7HkmWgEqrrEVE84ESCFceO13f0DLlx9kbs33gP1YrohjeNGrWP1SukiMUFMsxLgY/5nE6IzoI7fK7z45a8SYzIHdBcJXUBqIZlHi9gnAyeFgMW0Qx4ISZAqhD6NkSPcPVMVtNuB01cJV15Bnvw84dw1auisPbMKys1KbTO2qa9p4FrEJcz4ZfWd7Gwp7nqwHe7WwzCC8iSf5HGQT9ywgWX7++3zTvrd434/SvRSiDEzRCtK1iWzxE2yhpEq3L17j29+85u8++671Fq5cuUKN27coJTCw4cPuX7jOp/73HOjK8voQrJyQ6WSYqRLifV6jVx7lfrSV8j/4Q8IOpBERuOqZgvCjJtXeB3T7JpOqGTBwscxYJnovmLAspaJMXLtpS/wna/9SxujGolRaTHQZlxGy3+EEIi6kSwyAVK2QWrDzM7uHpevPdsmpAGUSgjur9RKkOp+UPFMNSUFoAxIwXIzk+X8qZiTuB5cpj79M4SrX4DTT5CWe6gIKcYxfKmK1e4ZDZu5ZGpW7vQQjWO2QR+GgSFn1us1w2BcZ4zcnCDpTgLZNhi3wbz9+Un+z2PXbd/757i3pLhLZsgDOWZSl8xlFNMYs3/nnbd57bXXODw8JMbIb/z6r/O//fN/zu3bt1mvV3z/+9/nF776VWKcko2tvQHVjladLsQIix36l7/C8OFblBvfIdTqC9Zc3Ts4tajlPlUlOQelVkKTnO6GJFstK8vYt/uef+Ia/WKH9aOHtLJzWvDSkkAIhKhjql0IY0a9zABp1tv8E/sxXLj6HMu9vXFQJLVC/RCluYqq52sGJAVi2z/IynpAzrZUNUVKv8dw5fPosz9PuvAscblH5z67VnyhhfDarhiNczQpMo/YjJNJTWpm37PSQGkSM+c8umLmYNtWn58GxpOObYk4P3+bPwK+rGP6fNJY09/qpvmgA6UWci50XaIrHUdHR7z22mu8++67lFL46le/ys995Sv82de/zq1bt8g5887b7/glwwjS6mGbEMwVJfjuIAh6+RnqCz/D4e33iauHlvnexTGfVUolqZhLKQllbUKpSUjxmqAlm7rWWr3CkkmU5c4uF66+wAff/qaFNUfObp6DRtlELOuMEFvtEcZOGZcszERqCws+8dxLtqGqocAMnQix88jQMiF9Ii7cWgwgXYCFie0QxGpvrgfW/TmOPvdL6Of/O7orLxP7HbreKpzFZGX4UmqGgpevdgMHGgjnIGgGkEnN9XpgtVrz6NEjHh0e8ujwkMFLTTeXzuPAcxK4Tjpv+3N53O/8uyAyvtrnmxec3i0Q0ZJobCLmPHB0eMTh0RHvvvsur7/+Onfv3mV/f59f/dVf5YknnuCZZ54BLNHkxo3rHB4eztobxra2oECMib7rWS6XLHaW7Dz/RThzhaFi/s+UiKkbjTpzUwmhqgsfswWC10gdd0lp2WIptrJtdP2Ci8+8jGBRRq3FigjnbBVPcqaWtmGF5YZ+qpvJkTgmjl+4+sx8dHzhGu7fbJtgJWvAuJvaFPeuVamhYzj3NMOr/wCe+inS7gHLxWKUlnODwCSnGVXNFaM6l3Q6gqCp85wzw2CqfOWSczsW/oOOk847Bk5coM8t6+2+OwmE2xfZvsen/KBd7fDwkG9+8zW+/e1vE0Lgi1/6Eq+88grLxYJnn312PP/27dtcv37DP2th1OYXTe4vnbncciWdvkB/7VVWn7xHCXmkBTEEU8ViEi9i/DH2VtWZYrH72IyY1D7ffIbzTz5rbqbq+ybVqcwQEgi+haI6b24p4VOPydRz2iwsIMTEwdnzs3O1cVmbUcGsUKu7npAu2YahnsamKpRul6PLr7D6iX9AvfIqabnn5D+RumQ+u5R8CxUZpSbANldsMxoM+DkXhiFzdLTi6OiIR4eHrNfrMYvoGBC23icJcVxqbqv/pp5jCKNklNl1ptfUrcC4Nml8f4x0bkC0cK+M7+L3vXv3Dn/29a/z4MEDzp07x898+cvs7e2jwKVLl9jf30dVuX//Pt/5zre5e/cuwzBsPMfk+VBvpxdI6xYsnnyBsnOKTBgpFOoJ51XHJPPoS77HZThuB8TO/LsBbLuZ2bF35jwpeo6SL/eorbzlvD6Wr3INyix0be30t0nvK7C7f0C/XG50Yhiy+T0DnteJWfXJ8gVJ0RZSpURJC44uvsD6pV+mXHqZtNwd48QxRnMiBw+Rzlwqc9Bs/91mvknNgaMjU3+HR0ejETRyuse8HwPf7G854fPY2vWY63ESKOfv279j+ruBsYFz4zy/bymFv/jzv+A73/42MUZefPElXnzpJUSEw8NDqir7+/sA3L17l9/93d/lX/yL/4OPP/6Elgsw9e8UDGgRqtT39OefJJ57gqGq53NajD34wjkJLoSC+LaRVkQ3xEDoOs9Kq/Z5nZZ5AKR+yWLvwHhpi8ShYzKPhLH0sJ1PC9MxraeZ2SLj4OyfOc/O7v54I9SWjoahEoOFEUM35YPiHKrmQgmRo/2rDM//AvXC8/S7+ywWC3aWS9stN8UNzRZEvLKczDjj9P3kR1Q3hAaOVivWqzXrYTh23g+yykfrud1vBorRCuc4KCc9j6cG+P2CHJP4DYzzeqzT/cJGDF9awovIRuaJhEBerfjmN1/j6OiIM2fOcP78Ob7z7e/w7/+ff8/Nm5/w4Qcfcv/+fQBWqxWvv/46d+7c4fOf/zxPPfUUzO/THsPfLRupsjxzgXT2CofvvUmulc63whHBFjBi1fSk2A4dGsRKOqpYpeq2EK6WefQXgOXOHjsH53h49zZKNqA2A9j7aCxQhpIqzGrFz/A3N5xCYLG3R9f3M5RAiOp1yDNhwMi0L2AjWq5fCYGjuM/q2a+il16mW+6yWCzo+8WYCtaiDS1U0LJ5quq4TGQbdM1oWA+Zo6Mj1us1OedN0M3BNPv9iQbKlmScn9/6Yf6j0W+8LTHntGHzB9b5W3eeUulO/pwT2rO/fwDA/Xv3+L//9b/mD//wDxncp9uiZPPnTqkbs+9bZKqFY2GKgIkYSNP+KfqLV3kQOur6kBrN0m+cOg4FKbb7iPk9rbLLMJiar777c0gBYprlcdh1+p1dm9O+rMOdFTYBxnYbtUioTrH2sROmDlHv3NQvp07zw0LonkRbBmRVEVkgC6tJVhXW9ORrP4s+9QXSYsliYRtg9R4tadnx7WZt9rRBGznwzJq18KQZQ6ujI9arlfnzNvImN99/oMGyBYLxQp92XpOIW+r6hAseu/5n8a+edHRdx0svvcjv/u7/SQiBo9Vq7MOu69jd3UVC4PatW9RaefrpZ/in//R/5tVXX6V5Oez+UzugxfbFt9WGtH8OTTsMR/dZdD01WFRHfVPYoGrlhFBCtoK5sSpaKlECpGh5HEPZ5NchENNi2i7RgbjZr1PXJ/O1NV+VbIzqHMvBd1/Y6nnnnm15hiK+SWrtEmsi64svwfO/RL+zy6I3d0bnO1m0WZx8C5c2s2HLyJgNqjndzUo/Ojpi7a6jbVdP2Pr7sceIxc8OynmbTgTlZ/ECiDz2uxPv6+d0XcfTzzzDCy+8wP7+PmfPnuXixUtcu3aNa09f48qVJ/nGN77O//rP/hm3b9/mzp3bfPLJzRGIG1t7z9YYWWpjHaNvyzMX0eUBw8ObvnAOM1qAEgKkBbHaPlJlsNxOrZXQRVuZ4DWfpHFNP2z1bEdxn+y41fdGH+j4snXxqrZnkfMjbefM5Grs+pG4tyOmgO001jinW33ZIjer0xfIT/8cod+jT4m+70e13rYwxIn747KD2uA0ztkc7kczQ0icqz12oBtHlJnE2yZHG6dP521wxEmPn8wRZ+3+QbH4bfBtZkOdHIFqx9Wr1/gn/+R/4ty5c5w+fZrlzs4kTFS5fOkyFy9eRFXZ3d1lGNaUUixErcp2krT9bkohFBEWZy8Q9k8z3GzFyopJRl/xUEolFEWz+0IF6KNtzKvqhdjEk8U3J2PoenM5Vt9GZ6QaM1nqGE0mZiE0KarTBVsEQFVI3eKEG0VbQySzh0YYKgxxQbny08i5Z30jgMVoqatbbs1dU1ulipnMngZlk3OaWl+N4Bw5y+MklDAaLq19G7ca77KpMo5Z0VuTc84RTzKItrVNcJfUMctkq72PfZ9OZGdnh1dffXX7AUZX1OUnLvP3/v7fp5bKpcuXePHFFy3k6BVYNtu7GSa2d6XfP006OM+qCnkY0H6qP0CpBN98LIigEapnPsVmzwRf6dDNs+WsobFbeDpvy6m1z82o1+ZhQlRIbSu8lk2kolZNYouHJl8GMf8sLDvbmLRZYljpv6yBfOYqcu0LdDt7LJbLMUNnNIxk4pRtd7PtLRiPu5IyR6vVzIXEyVb0loR8nMQKsiWp2g/CpmTc/t0P8g5YEnFltVpx//59Hty/z4OHDzk6PGS9Xk3VNHwjiFOnDjh79hwXL16k61JzO06P1zSEUyJbs3VcI7S/z545y9/7lV+x4EeXSDFRHEzI5CqTNnlHTmpAabtF7164wmFIVCql9UWp40LEECMlmDdHB9vdw6oUiq3OdYNs3o8iQlrsWh5G0/46JQ1R3e7w/ZoSvs2elSx0FS+bvtGqagvjNgYLpLN4uWcFQC7UrKzjkvrEq6RTl4xz9v20uUFsWeVx9Mt5t9ASeycwWDtytgjRarUi52F0QX2aFd0kytRgxvvMz5PHWfuPia2f5B1oi9vu3r3LjevX+eijD/no+nVu3rzJ3Tt3uXfvLvcfPODhg4es1yuKextEAovlklOnDrh48SKfe/55vvjFL/LSiy+xWCzGfm7nImz0z4nvrgl2dnbH9k2GZSHR+PkUHrZzLOOrJUsD7F2+xif90nbbK7ZEI6oLky5Ri+V+qqtz9QWRqlZZUNXcUFs2EBI7qlqZxla8JGig1UC1Kns29qlt2WyOUpegMnHP9oBhbm23G6UI2Oam6oVJh5op+xfg4jOEfmlSIpqf0yIvE6ra+vPjfrkGDqUUy9s8Wq0Y8rZBNCUiAKNEPGb4jA0+mTNOXz9G7TIl/A7rNbkUDg8PuXv3Lh99+CEffvghH370EXdu3+LOnTvcv3+f+/fvj2HWY8782XG0OuLOndu88847/MVf/AVf/7M/42d/9mf55V/+O1y7ds2pwXEue+Ix1yjtfv63op57apuphVCP0ZbJgLJzdy9dQ2NHfZStYG4naNtoq1Rik4ASkGgSVXG6WGwFRA1pgxoChNRRJFKIBmoBDYEaIurVWypWUypRzNRvIN2UTD54vs3yscEOgshU2q8CuV+gF56hP/cUy+WS3pcZRM8UD3FWihHQkcptciDAl1wUVmvjntMyh6nzj0nEOcc7CYyfwvXa4LefHh0d8fDhAx7cv8+9e/e5efMm169f5/0P3ufjGx9z795dDg8PWa1Wox9y8imezEVPOhqtWa/XvP3221y/fp133/0+v/Ebv8FPvPoTdF137DlPAuMGeLc1CyYlaxVKyYikE2mKDaV9vjxzgbhzQL79ETXFcZ8l8RQ629zZituGFvNRM5pi7FHafnFbE78BdFzf71vThOhr4w2oFUjFM5kr+BLiFhVol7MKG8cA2gbTfaG5VDIwpB3SlZfo9k6N+y/2fU9bKKbur5xnFQGz4gR2veZYHoaBYb22380549yQ2gLj2BFh2yA4WRK1+z148ICPP77BxzducOPGDW7evMUnn3zC7du3uH37No8ePRqB2MC4LdE+i8vo0w5V5fDwkG984+vcu3ePf/w//GO+8NNfMF/nNtd+bMRq00mxyZ0bSE3CNV92O69JfFUldD39hScZPvqu1aWzmuMg4pv/eW0rwZKaEapEs/KrEApW1n2rS1K/pNs7ZQCt5roKQaxomQd7bNMvN5KqQKjQVDy1ibXxCX1n3vmdhFBcvYtVlVjXTF4esDh3lX6xM2YniUvjDWtarNjAWMx2Bs7mghjcMCq1HpN8gRk4Z+8ngW9+mM8vkHPmk48/5p133uGv/up7vP/++3zyySc8ePCAB/cf8PDRwzE9r/kGTzr+uoB83PVKKbz55pv89m//NpcuXuLq1adGHjo/71hm/vhuMD3JC9FonYExsDnBNpdC7z/1PB//+R/5mKjlV0Tf0EynPedDbyUlowilZvtclVg2/aBgS4MW+2eoXizObB+vneCS1KQppFYuZXy4IAhNlTYCvfmAdtiqTFuML+SK5RDuXyTunPZ6ngbCrotjKRqzQqN33mZnT1b7FCkaRoOiteWzZ7i39LtaK6ujIz786EPeeustvvfWd3nnnbe541k+LeP+pDDh3+6hvPGtb/F7v/d7/KP//h9x+tSp0dsxWvk6JWtPimRLv28dIjYBrJ+O89o5Nz946nk+JJDVyoJrmpLIW3xSopUPsip4A6FYDkYolaL12P1j19PtNgk67SQdfJWwlUwyEZRqqZt0RYNlRjeOt60vxnNlLHNte0Uqq6wsLj1Lt7tP3/WeZe1LjmMc1cfclTTnbM0ZX0oZF7K179rxOE6ntVom0+Ehq9URd+/c5YMPPuB73/sub731Xd599x0ePnw4urged/ynA0471us1f/InX+PLP/NlvvylL01ZSMcMyvb38WvYZ3Lsu2mtUqt8Pf2+0Zfd85dgZ59SH1LijIfGJuWCLxW3ZGOpajF6B2fQ4w0KMdHv7llxBi00x6eZP1NaIWAqvglgk6CKVHdphK0w6OxQVSQXqhgJHkqlyoK4c4bU9a7efYGcBHIuYyeYlbiZ2T6PCWcvaPo4abbtjwwhcPP2bf7g93+fN954g+vXr3Pz5iesVivrEAd1K3H4n9tx48YN/uRrX+OVl1/m4ODU+Plx6j2p9fnnj/PfmoypHnI2L878NyJC2tln9/LTlOvfNnDGiPSdqeIK5GzVlnPxd1/i4+WIatk2kUBCJC52SKq07YiYS1oRaFSjZs9oLraAqpZpL8fx3yd0mggmk9VirmWoVFmS9s5gO2E4x8HJ9ayVqifzOXNgt/Xp9UQX0Pb7lLRc+cY3vs5rr/2/fPjhB2OC7mexov9TP4Zh4PXXX+e9994bP2tAmoctTfDIxvfH/L0nZEkZtYE5zx41XerYfepZigQrW94lNIax3rz4NtxSK1KqWfFtEZ3qWGJzftg2RAlC57sg95AW0yv2EDsIHcGAWCh1KklSq4nnqlaTfCN+Pd3GiHGK1BjIVVESabHDYtEToq3nRtwB3zpLto0tO5pKmVvI2yDcSCaeXUeAM2fOcO7cuQ3PwH8ph4jwwQcf8K1vvUHOw0ZCDRwPHoz9sw3G7XfMP9p4P0zCY/RQhMjek8+RQ6S4t0azhTkt79NASS1WnsgNHnEX0zzXc3weN4Js8XtndVUbOLt+AmlaEGoulkKV2zbPbRvn6k7ycuKyCQRz1KdIDVbhjOUe/c4+vafUpZSskrH/oIUTzVDaXoXZwFk3uOpJne+3H0EvIiwXC65cufKfrRr/QUfOmT/90z9ltVp5vxwPC9NAOSeTn2Gy1ln/t/fmSVGJLM5cgrQgD8V2wxu8NlZT66XQdjCysumW3WQbMPAYB4idDZZPOr6IG38nchPv9ptxD/dq65zFM1dOUssi4jXQhIIiu6eQbukFs8J43UkdNet94kiTcVTdOMrbXomNRInNvzdPeu6554gxMsyy6v9LOUSEN974Fjdv3uTUqVPtwx/b9Uu1GlnzVbPt8t3eGcLygPLwkdWqwiSveCza/NPFsu5LRYqVspEgE189/kSO281B3FDUCoFcbUOnYgS3epZKk6btdRJA1a1DowJeMi+IVYXz81tF4OZfm7jSdJ3mYyvFV/NxXEJu/E42P2+Lyj73uec3E6D/lo65ZyL4Wp8fx3F4eMibb/4lxzrwx3Q0n69qi98bSONih8XZy1YicfClwU2RF7XdUlpxYRHoErK/RPZ3CXs7nGDIGwo95j5u7somOBFIhqwKNSBi0tSqlYhlmVSh+oZTxw7zC1gWFMr60T3K+ogYWlGscCxC1FK75m6mJkHb7A1hWqMzz05qkZNjESV/uKtXr7K/v8/Dhw9/HOP1mY5GR2KM7O3usbe/x8HBAQcHB+zt77PoewsKfPIJ7733Hrdv3/6ROXKMkdf/w+v82n/7axth3x/XMTeUWkpkXldqiPRnLvKoWopcVWyroaLjeJKMV1oB60h1SUp+jF9Z5TgahQ06IECyTGhsbYgII2lQQavFW+tjVLzmghb1RgurB7fQ4cguPiPwUwOPN3YEpxtjlsTMCMqRq25bpe36s2Ti5XLBU09d5aOPPvqxGErbrqzGiWOMLBYLTh2c4vyF85w7d47Lly9z6dIlrly5wuXLlzl//vwY4q21cufOXf74j/8dv/M7v8P777//I7fpu2+9Rc75b8Q7MSbejELD6+53C7pT56mSKHlFESAlSJEQO6uCFyMW0bcCAAAgAElEQVTFY/HqvnXLI5Hj2FEYRTVzJS/j8qN2XmrpU20r53ZUDy8qoGWW9jw7mrOeai6qw6P7DEePRl8niOc9TnUtgZn0nCoX11LG7KS5n27jfiInS9YZGF944QW+8Y2vf5bxOPGYew/63vy5fd+zt7fHxYsXefLJJ7l69eoIwtOnT3Pq1Cl2d3ePG2juqAwxcuHCef6bf/gPyTnzW7/1Wzx48OBHmkQ3b97k9u3bnD9//gef/CMc21a8uQoDceeAsNilHK2g62C5YzupqHFRWyhnbiUNQsHoXa1TeHt+Dy0eQTIeN34nGwiFFFxgtp0WXHh6VMkLPFU9EaBEMUs+G/iG1SGr+7dBKy1bxma60+qtkOnUCWW8/EkrITc/2pSgG9k6wCuvvEIpxVYh/pCHqrKzs8OVK1c4e/YsTzxxhaevXTNAPnGZg4MD+r6n7/txdcDUsMeAbWZN7+zs8PM//xW+9rWv8do3v/lDtw8sRPn9d9/9GwPodBgdU8w2SPtnCKfPUXhE7RdoslKMgmWx4WmBDS8t1n9CAW+0FPJ6TR5WZp+E9nLLfubPTRTb9Te0jT/F17MDVWzv9nCyX310bYwFF0S5d/M6JQ90vSXcWsSo3XC7tQ5Q5zsnAfLx3dck6ubp165do+u6xwYDftBx5coVfvM3f5Nnn32W5XL56df5ESTg5Scu8+KLL/Ktb32L9Xr9Q/++1sp7773HF7/0pR/6tz/M0cajehHfuH8aOXWefOd9smvMvksoVnupFQKzkKVrRBGXfJvHer3m7u2bHB0dWU2nGL0mV+eF4+JoXCYp1delK4SWiGDVcatUSnO4bh1TVpES1DY5iAL3b3yfvDpCd/bGbBlr92TB+3NMVmN9DJFu95r/Szb/bv8W9yicPn2aJ598ivfff48f9hAR7t+/z+nTp1ksFpvg/DFZzSklnn32Oc6cOcv16z88V1ZVbt+6NdKcv5FjBJu9lVKg3/3/yHvzH8uy487vE2e57+XLzMpauxZ2V3c1m6QkQjssyUOJM4DhASzLgG2NNLL1s/6G8b8zwBg24PFItjGyxzOQKI3lGVFcJTUpqZtN9lLVXVmVWZlvv8s5xz/EOffdXEh2ZVW1KPkA2dn18i333Rs3TsQ3vvENZGuXYCyBpLoHVh1USgmJ6MhucgdGdjwmnd19m3rNk4PHrNcrrPN47/GVpxqNFUP3HlfkymPbZUHcrHZrVXzfGtQ0DbgBq3t4osRaxCfl/dmAtcL84EO6enWKtSS9Jx2+PsGJbLRs00aGteNyMyREhvzOs/wAETWAz3zmDT744P0LxXhHR0ccHj7h1u3bT/3aj7tu37nN7u4O+/tPf3wxRhbL5YszTtATWXoxiq2KxW7v0fkR0WQaokEnUiN9RSlFLXWmNuiYmRDP3NwxBOrVivVqiXWW1jls7TDLBdZkb5rFe11s1BWXHd+Q7wokzywSrLFnFDf6BECU2eKdxRnDannManbE3kuZv0huUT0n60y9caZemNZk4+tlvgcDBPRjNzFoAfuHRlxVnjfe+Ax/8Ad/cCEDbduWd955h5/4/E/88CdfYIkIl3NiddFVNO5frJHSG2lMusva7T2SHxHaWtHJVscjpoyBppCZSTmLj6SNjM9gxRBo6hXNapknDArkyXhFWAJRco/rmoYSC6q/SznUzeNORFB501MXO+nWLjHg8ixxb4XUrJk/fkC892P4rAScin7j4D02td/YG9tZY8znqjfKk8ZYnl8EIIwxeO95/fV7g8nBT7dSSnz729/m1/6rX3vq137c9x+Px2xtbfWDYZ92bU0mL9Y4yVdKJCuAaLXQTfZIptIyeFsqStnRxtwHj+jo8qSCcjFwjqPQLD50DQS1tpg2mgcpKQnaOZcNNKmeJynlcYMaOxhxYIxOJj71IQKktlOxhxhx6IAuQsvRww/omqYXPrU5bOgPbwBlFKM9zxhPfN6Zxzc46/BxYy1Xrl5l7/JlnhwePuVl0c/51rfe7PHL570KicN5fyEP75x78Rn8AGrrIUExOnHFjWm7SPCBkGweF549ZYakUp5UF+OGezH8plIAxQIxZoJ6Xdc6BLfTwRbGGFxoug16n8BE5fMlUTzLGLMp+p/4DglpW0wbcCFhGx26JLFj9ugDumbNaDKQC5eTh5g/jo0n/EFIzQ+BcE6tnZ0d7ty6xeHBwVMbgYjw4Ycfcnx0zO6l3ad67cddIQTqur6QFzTW8pM/+ZMv4KgGK3tOIV/n8rsaIduXSccVHQLWar+apvv62iwJrvpNhRR96jsYwZvSHhJJXUdoW9q6plktcydFq0XK2LaEtiU0+ju2gRS0ET82gdB0xO78KRim8pjKI87ijM4etzGyPHxEu9qUG097otMyK/mc9O97+qd/wumf77PG4zG379y58DZY1zVvvf3WhV77w1ZKiYODA46ePHnq7T2lxL3XXuO1V1/74U9+xlVQkQLlaVLkMTtX6MRm7nAo1ZZBiVLoOzHIxnnqMlhrGY9HjEdVHrWTMdfYZTHbDmLIEo5dIBbjbFpi26lxtoHQtMQm06tOXewECtJ7ixl5zMhSbVl8JcRmznK62V5LwgPDGHJ4Ms7hL35MYzxvTba2uHXz1oWpd8YY/vzP//xCW/APW8vlkq9/7Wt89NFHT/W6lBLb29v86q/+6oWKEE+7Sply+PniR5jtywSxdDmhUedTGCbobquZle66g563skqpeFSN8F4ntxDVMcagxqkc05i1mWLU9g0EMe1mRmYGa0Or4wCHS0Sg8gqqdgGfBN/B2FvW9Zzl8WN195KnwA2//LAGezq7fw5GYZ3j+ks3mEwmvZjr0ywR4VtvfuuZj2O4tB5/xFe/8hW+9KUvMZ1On+r1o9GIL3zhC/wnv/ALm5r5C1wiGTqSzTaPcdjJJZLxxG6p4yElx6ewcWLDwbol8T313jpOx2Jbkw05x6S5rF6e71IKEAyRQKc4D0KnmXzBKpvuTEUgAck7cAnjPZaGqkuMqhZZrlg+eaSKarlLb+OAN/jmi1rGGK5dvcaVK1eYTqcXikPfffd7LJdLtra2LnwcIQTmszn7+/u8//77vPnmm3z5y3/K/v7+CcWRH7RSSnjv+dmf+zn+21//9WeCp552le294NKIINUExjt00ycENPsu+gsDmKU3svN2TCOSR4S7Xue/aNSnqP1JxUE6kwQkWy86oTaQZ2qSJRXLWJATB49294nKNurYmEDlHRKWLI8PCG2Lsb5/fvnSGnu9WD9w9eoVrly5wrvvvnuh1y+XSz768CPuvX7vY78mxshqueThw33effdd3n//fe7f/4AHDx7w0UcfcXR0NKiofbybxjnHz/7sz/Jbv/Vb3Lt37xPtsSrGCYCIxpyjCWmyRzi+r/zdjHaYAu6nErKVmUfmTEklwQkvqTmJ1v2HsaCklAd5qWITKUWiKL5lJauUWaO0utMx6CDrtkZHEzpncVaorLB88pBmvegz+c3rXrwHFREu7e1x5crVE5IuT7NSSnzv3e+dMFARyZr4eWJd03B8POXh/kPee+89PvzwQ/YfPuTJkyOePDlkNpuxWq1OQDY/zDDL+THGcOnSHv/gH/yn/Je/9mt9t8AnuYbXqQ/Lqi3MeFd7k9B2H/GuxGvlhZsiTExnGfVp0+tGTpbL6BmNZ8mGmnC9dk6pjYdEIqj15R7o0J7d4gW0J6WA5EmJJc4avBPWRx+xnh2xe/XmAPcEyL0uLziOmkwmXL+unMzSfvw0K4TI9777XZovfIH5fN7LKB4cHvLgwQMe3L/PgwcPePz4McvlkqZp+ol25zX8fdxlreXKlSt85o03+OVf+SI/8zM/w7Xr156JAPMsy5hCCs/kbDeCrUtEVxElkaw2TdrM482o+yaGzUWgM7dlIhtl7iouBZ20QXkAXGGnp8yziylCgCSdlqpipK3bntXSv39KSNvR18hbbaAyUQcfrI4fs549UZ6gnNT8Ka9/kcs5x/Xr1xmPxxc00I6vfvWrhBA4ODjg0aNHHBwcMJ1OaQcjFYeDG06D2xdZIsLuzg6j8Zi33nqL999/n+3tCZf29rh9+zaffv11Ll+58okYa8+7zWylwp+wk0s0tiLEtdqFd/RiNHmbT3HzuvNOR8FWY2+kiSIYmnqCScJZDFEiMeXqadLoMGZdR0mJULeDunk5eLL71jvBChjREXdOIK7mzA8f5jZZhUVO9LkjL9SLeu+5dv06k8mEo6OjpzaalBJvvfUWb7/99olGstPreUNRIQTefe893nv//b78a4xhPB6zu7vLnTt3+OIXv8g//Ef/iMlk8sPf8FlWLjv3dZxsoGZyiVRNaNdLQtIJddbKZpcNWbwhpDxq/awHTSnqiKIu9EJxhbxednMAZ4pChCRiMlnpTp8UYyQF9SanYSYtX6XenUueq+hIeGuQ2HH08ANS1yEjRwgbD1rIAC9yl7fWcu3aNba3ty8ch76IUufHWaWIARCCGm3btsxmMx48eMBf/dVf8Rd/8Rf8xm/+Jnfv3n1xsankHrLBMYUQYLxLwNHVHV1qiFuRaIxyObKSSCG5p3OURVKuu9dNTdPUdP0InfK9N67LqFiTGchvs8G0MkOlqI+cPHbZMO3zNiCAs4IzMPKGJ/ffoW3qvt/6B3mi572MMXkKxtW/F+oiwzWfz/nSl77E//gv/gXvvfvuhQgnH3eJmB6ML2yj6LeIfltr8qElNgE67QomahWSoJOtTTwvwVaxtqau+7g9DJCi4kVJCaNtuwoLFA3PIsknuZ33vJS7r9HmioHkJMkgeGtwRpjtv89qPu3VQmKKfYL0SRjpzs4OL7104xOpvHzSq2kavvKVr/Kv//Xv8+jRoxd2PlOuW8a8g8YUiQhpskeXLF2XiB1abQy5hR3UQEs5+5QPjSHSNDV1XWdZ966XGC8k9mJzWjMS04t8FShEWzg23vRMLZ4CrmZlZtRInehoeO8M7eyA1fRw88EZRvikstGtrS1eunnz76WBigiLxZw//dP/yNe/9rUXKlZRrldpDe9Ch7l8kzAaE70leEMaOSg/3sGogqpCqupMJBdipKkbHcLWb/G57bzEoBmCOtFuJAWc77mbQ0X5Uwetr+gBV0kpC5AmnBG8FUxqefLhu73nLL9LWPCi13g85vq1a4wHQ3B/VNbzQjMePnzIn/zJn3BwcPA8DuvMKjFh8XBFUE4uXSf6EV1SCfkokNswMgFZe9uSnJV9TDFv8Z2iId0AZspnpX+uSbHs98PHT500xfFPLA2cY/+BoBxSi/Ym6TYPhx+8ReH8lSytZIMv2kittVy9epVLly69EOLHx1l9YgGMt7Z46aWXuHfvHp///Of53Oc+x9WrV5/JSGOMvPnmm3z3nXeefyyar1XRRSg5RIwJtnbo/BYBCIJKMyJgDckY/S1FWvPsMReoLsQsXJdO2QaASJ7V2T9w8o169Zxzzl9fvio12qSxqEF7mJwI3lmO7r+jiRYqsqBtAGQI48UajYhw+coVrl27xne/+90X+llllYs4Go24efMmr959ldfuvcbt27e5evUq2zs7jEc6NyqlxOHBAf/23/5b/q9/82/6+UVPs0qj33/4D/+Rn/ypn2J39zlyWLNxJciyRLGX1IzGk7b26OrHOuHFmDz1JVtGyLzQcPY6lzChiMUV4nKC3gb7JqS+HWMI+6TTDOhzjh1IPdNecgwLNgmui3hnqJwwPd5ndviIrb1r2mRltMJw3libF7GuXLnC1atXTxQJnsfSTgGH9w7vPTs7O9y+fZvXX/80916/x8svv8zly5fZ2tpiVFX4PAby9MW6e/cur3/60+zuXuJ3f/dfXfgYv/zlP+Wf/tPffK4GWgDzGAMxJeWApqherwuwe5Xu6B1CDCCVjtM05gRxRCRxSouBmFJOjCJDAWXIuHK2cQEcUed9k5vlJN8yAxV09Y6ntv0EeSLbgDdoDNio3Xg2UDmL1GuOPnyX8d41/bIhbro2PwH4Z3dnhxs3bvTDtp52DWvjk8mE3d1dLl++zJUrV7h9+w737r3G3buvcvPWTXa2t5V+OFCO/mFLRFulf+u/+y2+9a1v9e0mT7NEhP39fd5++23u3LnzXG/+EIsUo8JAoQt0bUfdNIy2r1G3ic5rI19lRIW9RPrJgyWBHi4dGhbye26SZgENC8r3ApyAZuJGt/Iiq5ekAKzn1FEZsJmMVUPNF8Uai4mC95GRa7FN4uj+O9z6sZ/LZU+IKYO6n8A276uK6zdusLW1xXw+f+rXG2N46aWX+MIXvsDdV1/l9q1bul1fu8Y4T4N7Hn55d3eXL37xi7z11luE0P3wF5xa1lq+8Y1v8Mu//MvPzUBjLkGqNGakywLHhU3f+AnGVrQhd3lGrSRSEuGYci3+lAeNUTVos0fug1Qj2sY8eLLr48tQjDJtuKCinvQ8EdKU9A1Tjj1T1laSLmFDwMSAASQ0HH/0XULXqofOAL9+mRdvpCLCrZs32d7euZCBAly/fp1f/dVf5bV7905swc8zxTPG8MYbb3Dz5ks8ePDgqV8vIvz1X/81bdvinpOIb0mMim7rUIEwpgTiCNU2ITRqaKXKI6J4qBHlrJ+6vikPyogDza9+a++VkjIO6oxgUewy691u/l9FP1V3/LwvsG71p26g6aBpMaHDhKB4qIBJkeXBR6znxxmiSBtI4RPCQ2/dvs3OzvaFSpcxRmazGUdHRy+09Cki3Lhxg7t37174vOzv73NwgU7W77cUGswVpFAMNfSYa5eENLlM24WscJgVEo1q2eMsOHOGc1GQjRgLOH/+5wtgvGjGbQVsAot26ZkchwrhfFdRIIiYCSb9aGWFm1yXqKLg20RcL5gfPBocWHyhF/v0unH9Bru7uxcueS6XSx7u779wT793eY+bt25duLbedd2FCdqnl17b1PNfCx9jSJELCVq/Q7OsaecNcdmQlmuoG2hayNWlc4kiMcegMbKhQp1dxhuLtw6f1UH0x2XyscWJxcq56kyktkVCR2oaaBqoG6RpkbbDdpGqjYyiIa2XLA4+1LsxD2xI6ZMjY4zGI15++ZULNdFpxWbBw48evvDj9c5x/dq1ftLx064QAu+9995zOZbiTELQpCiE2G/jJuvgh5AIfkLXQahbwqIhrVpY1PozXyOL+gyPI1Hi20gqDLpUKJ8n40nnndWxdVgloIoQBWI0dCEQJJ6rzUSK0LYk8rx56LNyYwzGR9zI4rYDJrQsjx71081sHFSUPoElwL17rzEajWia5qk9YdM0PHq0T13Xz9Sj9MOWsZad3V3G4zGr1eqpXx9C4OFHHz2XuL5k7l3X0YUuEzp0myfze2OMdKaisyPadkU0G5C+gEApna9K04PyWrHJYUC2h8Ev56zFqJlBZt4lgRB1HHKIAXcOfldAXMnTxyRPwy3jo22VsDYwIuHmgWZxTFuvcNW4r7uGGLEZ6H+RK6HCthdtQ+66Tme/Hx+/UAMVEbbGWxfmDoQQODo6urA+ar9SKUd2eSRlS4jxTHjWhUBKltZPCPMZnRESjmQ3SY8MIKfB22cj1X8NC5inM37jrG7lKv7ldLt3jso5Ku+pKs+o8ufGb7I1IVUj0ngMowqzvQXbY8zOBDsZU22N8N5SeaFdTqkX00FWGPo455NYr776KpOtixN8Hz9+zOPHj5/jEZ2/YlbouGgf1Ww+Z71eP9MxJFIG4zvaPAr9xHRn6InGrfF0o0uaKIVE10VSSNCFDfXu3M8on8Rgaz+7jDOqr6OGavTHGJy12UgrvK/OTtUVQcYeJmPSZEzanpBGFYwqxFttRXaWUeXwVgiLA+rpk02i1A/s+mSy+Z3dXV66efPCidLh4SGPHz06u109x1V65xeLxYW26JQSdV2zWj2jgeZKT9t1NG1L0zR9zAjQdl1f9IjWU493aI0lpBxT9g1zGsad1zmxeTT9QLzOIBlnz63G5f+tGKwxOGNx58gvJiBWFTiXt3npxzTrlI9CXjZUBtrFEfVi2tdzh7XYT2KllPjMZ9640IUXEabTKQ/392nbp1dF/jgrxsj+/j5/+Zd/yfIZppQolHdx0khBZtpWt/a2bXuAvnRfQp7j6Zxm8qMJ7d4e8dIOaWcbmYxJ1m5w8vNu6lwU6rf5HIKevjyuGF4sIDr0RfuiGGGNPfshIrmbT3vnM8OqXzZzSl1+TlotqWeHdG2DsY7OGN0mXHj2mOljrnv3Xr9w8tB1HR8+eMBisWDv8uXndkyl8e7hw4f83u/+Ll/9yleeKSYvE+ieZWk5s1VCcdMQuo4U4wlDjblcmVKiFk+XDG1oCL4iVAY/AbqA6c4K2PbbeU85hFzDVCsb8EJKQ/MpcshG2VhQj3relzbW9MWD8vbD3drkUdzeGiyBbnlEW6/w4+2cHQZcF0gu9ZPJXuR67bVX8d5fmJb24MEDjqfTZzbQshUvl0seP3rEW2+9xZe//GW+8pWv9KMOL7JEhKqqnon/GmOk7VrqpqFptC2jJEUFn23bjtBtYtLWjmhwdLGm7QJjgWRy63H2pB/j6M/elwJu8OeexbQho+grzkNB9cuk7GnzweT6/ZA2pSGDVpTW00O6eo2ttiBXJJxzdKFTps8LjO8Arly5ytVr17j/wQdPbQTGGDXQ4+MB1/DjrRLTLRYLptMpT5484cH9+7z99tu88847fPDBBxwdHQHP1iUqIlzeu/xMSEPMbPemaViv17Rtq1rzhQ02wClLONCIo7EVbTMlpEgIRas7Zqd1Pp9jc9znPai/XB4Nf/5fT/z7VAyaNGPT0FMQKbLduXLQBkzXIaHDCkjsaOZPaFYL/M5lYh5GpR7NEWLQIV4vcI3GI+7evcv9D55+wAJoonR4cEBMEfMDxhuKCKvliqPjI/b39zk8PGT/4UMePnzI/fsPeLj/kOnxMev1+kKTPr7f8t7zyt27zzRQV1WO1TjXdU0XAgJ0eWvX3Uf0WuUukyiW2oxok8oaJWMHXI1nu+lcMNJPqpUTjNEh6ek83ybELqjyRG4tjWlDNJEQkTZio0qLWwP1ekaznDHKxlkwNucU2oqZqvailveee6+9xv/7J39yoZO2Xq/56KOHNHXDeEu30SJKMZ/NswHe58GHD/joww95/Pgxjx494vHBAbPp9IUTY7z3/NRP/9SFXx+6QNu0rFc163V9QmS361To2OTxlj2YnhJtCLRuiyaWua2RlCcVkocKX/Rbu87kLTxuQoWTjDz5Pj44QdvlclXKjHl0CzD6fmXymCtiDs2a5fFjxjdewVejXuPIe0/bBZxLfbjwIpb3njt37uCs3cz1eYpljOG9d9/l/oP7hBDYf/iQDz74gPsPHvDo0SOmx8ccHR0xm81YLpdnlEZepHGmlHjllVd44403Lvz6LnTZc65ZrVa5Bh96snfKrDWSVteKukqMiTopS61LiShCpKga/uDt/fsfEBqDNs5gkhJQJG42c41Jc4afaSOn3yDMa8RkaZPSIFWkFjP5uYiQVc5gmppm/oS2XmOsz/LQLd43eOfonKMy1cVvtx+yjDHcvHmTnd3dp9bnLOsrX/0K38vSjMvlst+mu24zcLcQnD/J5ZzjP//H/5idnZ0LvT7GyHq9ZrWuWS5X1PVGz2DznLAhBbEZYxlCYBUNTRcJXSLYSPKmbwdKZ62HM+CnnPpTiUEbazAx0+xM7isqmFR+ZTC9rQ7eJOn4bkkYK/pvq25dbJmPZLAm4o2C/ya0tNNDQqvArzFGY56mUb1I77FWK1ovau3t7XHz5i2Oj4+f2qOJCIeHhyeod8Nt+2+rMQ/gF3/pl/ilX/qlC90YKaWcFNWsVitW6xV13WTjizhntTwdTrLQrLUqlga0GII1BKNdniGqNizyfXDQ4TqNYA7+a9bWUjtLYw2N1d+1FZrBT3uegYKWtDLVrv9NLl0Z9aYGsCFSJTCxI6x04GwhwOpAgaY31BDCGZmd57n2Ll/m9p1nG9J1YvjY36JRghrXG2+8wW/+xm9w7dq1Cx1PuQbL5ZLlaslqudLae6flzrMj1VO//ZdrSMHQrSE6Q3KOKKKx6PfxlvL9osfNNo6rnVEeaAJLyhM9dLSdMul1IsO59Z4o2qWZiQHWWKIop5Q2a5fHiDiD8YbKQ9PM6FZzuvaaMvBFaNuW9XqNKxPGrMXKOQSV57B2dna4devW37phPetKKeGc4/XXX+e3f/u3+eznPnchHmkImhitlktWqzWLxZI6lzbFmDzJeFMr77kUQ3W/lKBd54a6fAxGMN722l2nl2LspfPt/GIogFs7h01JfwDJMnhii7EKzkE8B2xNOcaIJg9KyK8NRIWerGC9x5pIFcGvW6RZ0CyO8N0dYtLJcKlL1HWDc2uctTTeMTajvs/pea6qqrhx/Qbj8Rbr9dNT2n5U1vb2Nj/+Ez/BP/n1f8JP/8xPXwxayk2My9WKxXLFfD5nuVzqtp13MWNtFm0Y9K3nsEYNtaVtGibNKlecpKgokgKAIaZe2nbw2Sd4TOcCmwBube2gzUP1QCVGhZ5y05NzhnBm5ncWxYtgOwhRx/NhBPGG6C3iVDfSSsKaROUsaaklT7NaUY3GuaZrcxyq3tN5hzUWXxX58OdnpKW1Ymdn+++cgTrnGI/HvPzyK/ziL/4Cv/IrX+TlV16+kOcsUkTres1yuWQ+nzFfLKjXdaa9bTomhjF2odsVok/I4w9j2yh7acj1lIzmnFuK/z7b/unvXDuzMdAhRJS1P01SGZszxUFRPXuxIEkwXohWMF7xTJtLXEZAYsAaBfRNbGjnh1RtQ3A+C8AmrLGs12ustTqaxFiddvsCavTXb1zn0qVLPHr06Ed6q08pYa1lMplw9epVXn75ZX78x3+cn/iJz/OZz3xGK0YXPHwB6qZhmT3nfLFguVie8ZSlXbtM3hv+reu08S2GDlMvVawhbaiCRcT2LA4qPfez/LP8PY9M6JdrMtGjNMwRAomPSCUAACAASURBVJQyVQJJCW+gOzVEoSRF0QjGKFk5+UxetlYr8xkbMxlqctZgibSrGaFZEUdbNHUNqeqLrsvlCmstxlicU+D+eetfXrlyhcuXL19YN/RFrhh1RuVO7ue/desW9+7d49NvvMHdu3e5nkV5n3V1XWC1XjObzZjN58xmc5qmZO6hh8rKdl5gtKGUpuLYNdLWuG6JtSeNE5M5Gme4InGw5w8JI3Aihxdw7cBAN2ING5q+JPCS6LJTlsH7RGswzhEzkz4mZTClmMfXsJloYY025lXWsFodE5s1Xa4ohRi17SSfBOdsnhqiW/3zxhVVv/4G1toTEt6f9BqKFmxvb/PSSy9x+/Ztbt++w8svf4pPfepT3Lx1i729PcbjMc655+LxC+Y5m82ZzxfMZjPW6/VAe0lvko2Ibugz957NFFVCse06xs0SH1qMVyck/ecUkP+UB01QZD5TSb+HtaHB/7gw+IMgJDG9dRdxsAZ0iP2pD0nGaZwhQogJGzVw9kZIWBV1SAmbg2QvFh8hPXlCM5vidq9T+lvatt0Y62qtRp0N0z7nEqj3ntt3bitR5RM20LJdXr5yRT3j66/z2mv3uHXrJruXLrGzs8Pu7i5VlsqB5xuDp5ho6iZ7zRnH0ymL+ZK2aXuDLFOYiwcdKvEVYy2MMCuCrReYdo3dGin7zWSVOzF5XOKpgxCVDXKVz54zbpxfzzZS7+ui0GNYBrRpzmRDDZAI1MLZ0qAIXZI+mbIYUhe1UdkqwTlmfIyQMDFiVw1u0cFsTVwc09Q11XiMGcQ21tqecuacw1iLNYaJmTy3rd5ay6t3775QDqrG0r7Xl79x4yVef/0en/70p7l37x5Xr11ja2uL8XjMaDT6ZMYbJpXens3nTKdTjqfHzGdz6gGlrjiC4VZ/GpwveHXoAiYFqnqGR2df9f6u8DDtOWwkEYy1OD/KDHzdb/vjZNPC7pKoTF4/pMEkUlQwNmaTDkA4ZaApKaSUQiKJIRIR63JmH3pclC4LOsyWuHXApYSLgW52SFuvMM5tVN3ytmKMYTmYL2SMMvUnk60+ZHiWZa3l1q3bTCaTC6uNlBVjzMNRdciByo5f4ebNm7zyyl1ef/0er7zyCruXLvVG+CI84w9bZYuezWfZOGdMj5UzMDTOYWVsWLot23th2betGqltFrjlEyprGDmLFXVasYsEk84m1+R+pgRYg8GQLJBi5hZLnpGgYYRDtIYO6mhj0rp7zKX4CHTEnm7VQw5k5QkRQgSxeqeZ8sWMkMIaqWukaTFBkyXnNPlZPtnHrFaIH6m3cY6Yt5WQD265WvVbvMahwng00vbmZ+FNoiIJV69eY39//wde1OFNYnLIUVUVu5cucfXqVa5du8b169e5eesmt27d4s7tT3HjxnUm29s/MghB8YaL+YLZbM7R0THT6ZTFYtHHlOXGHw66GCaQ5bto7JnnQcUOO3+CXS/we2Od8DKgTMYuKCZ6qjLYBX1cjA6SLa1zZU6CTapSIjHgJLcIDOufCfWiUdEAuphoT8Vq6pQVlDUxKeTkbdZ6DMSmzp409RUjaw3Owshb2uNDfNvQ1I2iACkpYSSE/kCblJifU+suRnphAxDV7/zUp+70anLDi6LHqlt0VVVMJttcvXqFO3fu6M+nPsXVq1e5cvkyl/b22NnZ0e1cTmsA/u2v3jgXC46nM46OjjmeTplOp/0WPnwecOI8wKYtZfg7dB0uNHDwPiMLHsEnwSRVpkkpagv7ORTDum5Zrmq6tqOoNZJHGG1yDU2u3PBCSyr/0SfoT1GROFvsjCFr9yCYKDpKObSYrlEKntELHY0gGIxR0N9VDtZL2vUSt3N50zrQhcyMUq8ZQ2Cd9YFO07ae1ZOORkpeHm7R29vb7Ozssrd3iZs3b/Lyyy/zyt273Lp1i8t7e4xGI6rRCJ9JLafXj6JxxhhZLpdMpzOOj485Oj5mejylbZRtfJ4xDg0X6BVGCl+i61rNZR4/wC+PGW+PGFuDF3AdKPsoD/8STnhigLqpWdUNbV3nhFyvrbWbhLg4zY2BZixAUq7gi74sifIAu9P9zQmd751yfNo1uK4mpYhxGaQ3Tql64vQgHJgq4YLg1yvWiyO6yzdwnaMVrZRUXkd8l6QshsC6qGwMPJSIMBpp1ngRT+qc47Of+xw/93M/x0s3b3Lr5i3uvnqXV155hdu3brOzu9Nf5L+LqzfOxcY4j7NxFrxzGGMOM/UhMaT3mNlIQ9ep52uWhI++wyi2TBhRAR6j/WshqlaDmHN5t03dsq4b6rqhb9MUcoOlGqixKgDijMmYZ7bR1Gf1kq1fY9T6dGuCQGgDElokNEgKBKuDFAIJEUcUq6RVSYi1mJhwIZc9vbCcHZDC6wOoR128KXd0xh5iSioFk1IvF00u1Y1Go9y893RG6pzj85//PP/sn/0P7F3eO6OH9HfVMOHktj6dTjk6mnJ0dMTRkbaZDPmcw6wdOBFOlaRIR8WogEOMEbqG9v2/Zquesz12jEUYBbB1AtGhXpIkKzMPQXhdq/WKpgs0bQuU3THRGCU5a4inDZmujJ7RA9SeZzXOQfKUEuv16sRFSzES53NC0DgimpQ9psHgCD3YbxCnW7GJCZGA84KrhLQ8oG1brK8YDovafE7J2PVLrFarjRxglvsLMbK1NVZA/ym7Qre2tl6olM3fxuob9OYLprMcc+atfWiccBJNOJ29F1W7AkFpe05DbDvi0T7p8QdMJDFxli1r8UmwMamqXbIEETCWGM7e6IvFgrptqTut49PfHKFs3kBuW4cSO5V4cyiXJ1kBIrE6ZaACxNUasULAIMYSklb1Q9I7IEope+ZlDMZrzb+yFruc0tUr2qxccuIGyIZojcnlMqHtOuJy1RNnY8zqJDEy3trCO/uJyIr/qK7i8RaLpUJJx8ccH085Pp6eqBSd3s5LUtgLguVtvcc7B9t7mB/SffgOO3HN9sixI5ZREirJO1+EWHeZ5abz5E+y8iPz+ZwQy2hPzU1AG/Gs2VSiUoy5Aj6og0re4nvIQTlOJ8Bc/XLZ+HPJM2Zl0RhFsS2U2RQjGKve2DjFvTwJ30T8asVi9gQ73taqTquNWb6qNiBxigN9eSFGlY7W8SWRLmsEdSGwsz3Be///SyONMVLXTT86vCRDxznmHJYxTzuC4kGH42G6bjNcq21buraFeklz/ztU08fsjgyXKs8EYZwEF3XvLIB6TJGYOrpTfPqUEsvViggZaoKUVWxKeVvD0qRIQezR/+JbDRglLSNlgILQtO0ZfcyAKuDFpHCTRMFUjmgsMQfIVoSUjDY9AS4E3LqhaiOu6whH+3RXbvXzGquqyt2hukQE5/WgQ+iwzmkPzHKlgHHuByo/Ozs7jEbVcyeY/Civrgu5tq4g/HSqJczZdNYnRKdpc7CZHFeY8YUQUrJ1SP1Mzdisqe9/Bx69z46LXKpG7PoRk8ozSoJLUbkUJhd+oraLhFM4qKIKKw3RAIsapneOqqqoqipX2kUN9BSJJLdp5HlG+b8J8puegpqMJybtm44iShxJonKOMRKT08DBZY/WRVLdYEPEkKgkwvQRIXR0naWqKv0SAzzOZoJEREfX9MKnOREIXZal7rpeLnB7e5utrbF60x8RsPx5r+IFmwFlbjabcXysBjqbzc40vQ2B+CF1Dugx0Lpeb4ZshUC9XpNCYP3hu4QP3+aqjeyNPZdcxba3jK2jqjy0DSmokYsxKg+OnHVqOXkr8+PEGKzz+NGI8XjMeDzGiBZFuq4rMegmKVHQtAxENIhoDDqbLajrekD10rvEOCEaFRALedqCRAFrCWI1Bg0JGwOpbpAQEElUzuCtxa7nrJ88xly7ic/DrUIIWGf7C9G1XSFlEfNJLzFT0zQcHx/TNKqGUTfa0727s81kMmE0Hiky8Pdo2+97udY1i+WS2UyNU3/mrFarM8Y5JH4Ub1oy9bL7bJrnVB2vrWti17D+6D26977Fno1c3h6zN/LsOs/EekbOYUhY70ldILaR2HakJH11fkhObtuWw8OjDD9pK1HMQzUU787UEclkkU2AUPCAjIfmsTQS1RAPDh6zWMy5cuVK/2EpG6UUql0U7YkWi4hiYqHusKmo2GkDs+0rNQm/XrKaHdDs7OGcpUBNJyhfdmOs5eSWOz6lRGoT825Om7WE6h0VHdhtGiZbW2xNtk6A638XvWrv6bpA22kitMzGWbznYrHsxRaGxli+d9nSh6XNMm24JET1WkMnAbrljOX9dwgffZc9E7g63mJvVLE3GbHtHVvGY6NyhlOKJGtI0RFT7llKZ2vx8/mcR4/31bOKKjT2VcoyryvHrSF2G22mlIbTFoaYmMraHB0dsVwOWiQEoha1tL/dSM7eVZHHpERsWggdSMRm/MAgWAPeCpWBKnVw9JB27yVq5wDpa++F8mWs7Wv/GxGBjbEWg14ulzRNw2q9ZpUFCHa2t9muJ+pNR2OqLMb7d8lIN/xLbQ1eLBa5TWPBbD5nMZ+zWq17L1g8YzlPQ+pcMVI9v11P/GjbbjN5uG3opocsH7wDhw+45ISrk4rLI8eVyrFrLdsjR2UctktIq41zMWh5M4iKhoVWBeKGMehqueDJ4aEiOhlCjCnRhg7TdhjTbJKkEHAqnsDgrkNfNGjQB3qJwM9+9rP5pAHkLDu7ajFGE6eYCKsOiYFEAG/BpF57yVrBGRhZw0gS7ughq90b4BUsH+VepWJE2veyaUEoBnneSS8iCk2tW9VquWK12mEyWfWxaZmVed5owh+VddpjrlYr1utaWzOWKxbzee9FS4I5fN1pSGmjArKpCrWthkVdqxiniHrN1cMPqB++h1/PuOTg6lbFtbHn6mjEJefYMZZRVJFjfNJS+Ho4YkgToGQsKcQTdLv7Dz4kiarwKVqkHlikkN7pNWRDF3AKgmelOlL/e2isCvNEvvOdd/iVX/kVoNA89W8dBifKyZcQ6ZoWFwKdCM6L8gYrTw+8x6hyOEYYmUTVLJkf3Cdduq7eUjbDGABirmKVuHOI450u05WLU5TZ1us1y9WKnZ0dlssV29uTDNCPGY3G+IGh/qgYazGipmmyYvKK5WrFcrliuVipB10tqdf1CYb7acJLyc5hU08vbd4KGwbaptEktV6xfPwRq4/eIx49YmI0Gbo2suyNPVerEXvesescY2NxyWgPUh6ckHxFDDrRI4SY5yahQxUG662/+Zu+5+w0Qbmw70NBAGLAbe48ZdDr76GRboz129/+FnVdMxqN1HiNIUrZ3kGajtA1SIoEA2ItMeR++Ugvi2NEh4eNBMZW2HYwnT6iPvgQcdUJ8Pi8QH+4zW+oeKavHZfnxhgVjmrUUCeTCcvlkslkwtZ4rN50PGY0HuGcx3u3eS89Yy/QDMnnfXNzbahsHXW97sUU1jkZWq1WLBfLE1I7xTBLR8IwS9cEqFUuxaBdQ3eYmtA1NMs5zfEBy/37tEf7uHbNnlejvDwZcXnkuOw8u96x6z1jY/G5DYeYSClLgZNIzmbd0DwZOZ3kETdNwze+8XXEnLxmIsNwkp5iGaLFhaBE0fM85+n/f/PNN5lOp9y4cUNPhBits4eItB0xaG01GA1zgwhiHaC1WYpIbUzYmHAktpxjq4pMFmtWH77DeutSHzdJ2QrY1IZPe8yhAQ9jreHfywWt65rlYsF4PGZrMmFrvIE2xqMR1Uj1+L33eGezN5fn6l2VR6AZaowqJ9N2LV0XaJqaOocm+nvFarXut/dhZae8V8nAgRMGCOqF+hkACbqmoW1WdKsl68WMxaMHrA4ekpYzXGzZMbA7dlyqHJfHFXujikvjEduVY9cYxqgcfDkTMSVS9pYJNGv3LpejEzF0WjLPl2h6fMzXv/Z1NUBjtHM3196HIrfGaNJlk8Pp4NJNvfv7GaeIcHx8zDvvvMONGzc2RtAGUgzE0CKi8YhxRo00xxSS3TYimSMakZjwzjCOsB0c2+uO+fIJ8/tvwSs/pgC90774koEXoz2vPeI8vK1sc8UTd1kZuK4b5osF49GY0ahiMpn0ysTee0ajiso7vK8URPYOkRxz5Tt8aLRllzpN8h0el+K3KUv+FOmYjqZpMzDe0jQb2cPVeq0S3Ou6xySHRnm6BXi41YPGcaGpWc+PqRcz6vlUveV8SrM4pplPcSngU2TLCVuVYady7I4sl0cVO85zqfJsO8d25RmJVcWYIm8UtY8oFk8ZCnIO0TvNYU5pOX33e99jOj3GWU2GMxVNbWZYRDCQkl4zp3fbiWJUfyKKV9V/63v94R/+IT//8z+vJ73tkKYmhUAyEA2IhYCAqMA+gISIetGoP8WNS2KULFttYNsbtuua1cEHtJNL+NG4700qJ74Y6mkWTrl4Q5rYEIoarqHXaeoGay2z2ZxqNGI0qpTzWVU64z3Pgvelw9RabG6FVoa96RO/vnuxJJxxYzzDenYXOroubIYUdK3CY21LnUVjm7rpjXJohG2u5g0fKzeLEWE1P2Z++IjFk8csnxzQrGaEek23XpHaGhODtn8LXDLaYTvxjom37HjLtrPs+oqdyrPtHdvWMbYOn4zepKBYZx6JWIwzRv0J2VuHpFzg4C2p0yFvXdfxh3/4B72NiZwdDqeJUoaaMpvNqYLuMJBN/e+Yt4bNxYUvfemP+J3f+R12rRDXDdK2ymZK+gGBrAoaE8QC0kZsVLEnIwnjHIhOAPG0jI2w7S2Xxp71uuP44XdZVSO48TIpRapqpCTZQQJQNJxOQ09DDzZsnT1NJyuPlQx4vV5rI5ezVL6iqjzee1w2UmctzvkTpNreOE7Fxv3nldhvYKSlSqOzh7o+5hxWb2BDhTtZI28JbavZdl2znh0zPXjI7PFDlof7hPWS0NQYVB3GGoMVGBnBeqFyI5yByhiqFJk4y9gZtr1l4jw71jIWy7bzjKxj5C0WTdRTG7RnzBgok4+z5yyjuDXW1f7fQmSPTrfvo6Mj/viP/pjSbtyHTsUYy44kJ3cnF4NS4LINnzDUISxaOu0ODg755je/yRd+9qeJTZfHKALWaOUoEwaMEWJQCCGmoLV9g07AzYkSIWJDYgRse8c6CWtjqVcrlh9+l8aN4MqNHH86jKm103MQZw4z8OFFPV05KUZTjOo8LmToOkLXUa/rXGbNUjxDD2r0MWNNnqhhOG9ET1+OjTHPJ92IbnVt1xvsSVQiZkQlEDL007U1sW1pV0uW00Nmj/eZPnrA+ugJoVlhMp3HilAZ0bFB1uC8xxvBOYOXMg7IaHObN4wRNVJj2BLLlneMnGWEpRLBO6MFFUFZQXlWpzZIFq+5ydZjSoSulKCL9E3SLD9Gvv7Nr/Ho0WON63MTJP0Nng2ydEhIAezBxRQ1gTltn8VlUoxTT2CMid/7vf+dn//8jys4G5P2v5cgN8euIUQEHaWoFpkQ45Wah2gPU4q4lBg5w8QYGu9pXEeTIKyesP7gbzSWvHGH6DTg99m7FV2gYjzACeMcGu3QOE+vofc9jb2mlGibtn+8vL70fW+217M9TSF3tsakcjD9v6PSGXV3SugU4UjoGurVkno+o17OWE2PWc+nrI6faMy4mJHaRj1a5ZkI+O0RThRTtjFSWaM7gLM4I1Te4ox2Wzqgsvr42Fk8wihGqhCpjMWLoXIOJ+BISMplmJw7xBA1IUJIJsealIKAnq8+Fk0lNk0km2jawO/+3u/Rdi1ipDfQ0ogoolKdZ7wqnKrF9wZZ3EDaGGfU2ZopRr76ta/ytW98U+98MQRRgokpXyYq8TmkDpMiCpHqtm/zNmAyUVXE6EQ6Y5lEaMXQpUgkcbg8YPlBR4od42u3SWmMcgBCL4+jRBPXq24Mjel05n16Gy6PDfu/h2HBEFss/x5CWacNffiepx9PKWmFpm2IbUPb1KznU9azKav5Me1yTr2Y0a4WtKs5oV5D12a82DA2ghtr96uv8nRqqyN+vAhedCv2TrWtfJ4a6K3BFy+KqFc1gheDS+DbgA0pz7XKO1uuQaYu8zpRRpJ6yzxsuIDq6M2Y4sZzlh6ymHOPb/3NX/Pmm9/qwyJnjJKSRH8Xg1TnWWJ6PX8ukbPQPvQcGGW+ywuLPeTZRvv7j/if/+W/4r/Z2cPMjwEhRcBm2ZukjCQjWouVKtfYMYR8cROKYSZrMVWFN5ZJTASEyKiHKrrFIct3a5rFjO1br5J29pTYah2jUUXTRJyLFDTCGHPCow5jxKLofB6eWv7ddd0JIx52Op4mVZfnDfHaYsS6TTfUywXdekW9nLNeTFkdH9EsZrSrOe1qSahXpLaBGHBGJYK2ncGODH5rjBPZeESSbtXjispZKm/xRtRYRXBBCb6Vd1qty33qzuWpgbqRae+PCDYZcAHTdJCnecSUY/pslDEGkmgreEIyWQeiiUSxvTGG4kl7NEHtKIwn/Jv/+98xn881XCqkZLNp6wB6Iz0RLongiJtYM5USZ1QJ555cUEpPUdXMuhD40z/7Mz77mdv8ZH8xdX64NZDyth6csqRDUrZ+6CImBVCyE9E5jPdgjQbvYtgeeyVBp81NcrhcsHzwNsfzKdt3XmN05Qa+GqFVLktKxShSlqvWrb9s7yLgnO+/T4k/izbUMLkqAP8QHirPL8TpIUpgrI7eISXWizmr6ZFCO/Mp9WLGej6lWUwJ6xWxbZDYaQIjKhg8MoK1QlVlz+gM3piNZ8xesnKWKiZ9zDv8pKJyea5qGZYWIrbp+rjZGB1paYxgM1lcgoYYpmS2JveerSOx07abFArNUv+/I2qkm+LAWQnJxMz7HcTdZWvP1+4txvzZ176er4HN+OcgERpElyKbrT1zlnDFPMsbxhzUtxmK0dgikbIbV1pUZH//Ef9HqHnt86+wu3iiNVcjhDrgSCQrxGjAqisPTci3QEKvjuqHJpPhhgQ+K/KS0S1JkhMqw9GiZvroXZ4cP2Z88xV2X/401fYlvctcqQBZYgzEuNZmOrOBpLyPJ4z2NFQzfHxIVBl60j6MALqmpl7MmD1+yPzJI9bHhzTLOd1qSWxqUldjRdtbrBVGCbwRrEl4n43KqQccOYu3lmqkRlcMT7dtfZ7zhgrBdQHnLXbL40c+w0Ym/xZYNbgIYpVkAzo6RvFpS2xDr+MpBda0lmgtqQtZ1r14Ti22qABDLplm44t5Cw/k12dP0AvHxch05zL/7nsPOFx2WftVbxoziDdPL8nwUml/d0OuZRrUQEPX0YaQXXrchACk3g1/72jBv39S81/sbCH1Skcwp0iwZpMzodumDVEFyKwBZ8BVdBhtFEl6QrXNVKhsYlJtqP+QkLZFOmFez1i++1csHz1g/NIr7Nx8Gbe1jbEO61SpojDCN55Et3YRsNb1MNXJHvCUcUzpmVN6Z2tXQdesOZ4ds3zyiNnjh6xnR71XTKHFpIglbWK8sUr6eEn6nbLBOUmaTTtLVWJEY6m8wY0q9aT5cZvAp6SJkDVYb7Fti02apVs/wjrbUxhVIMPCeq0worrKfssmRowTUqNbasxge0oohNR0pNgOEAiIojhBjCFv88WRZWgJiCFlJj0kI+qBx2P++HDJW0dz/GgLax3W5sTolIGegQBTogxFcHWj5ckTsWY2zBL8ljiVknz08YPw/7y/z+s/fpfPdjMVATMmB7qCNYbYBZUVJ+aWZAHr0QY9QwoBZ30GbtUgKiuQLGakd5N0HX7k8EC1bqnawGx+yHx6yPyD77B982VGl28wunQZN9oiIbQpEa1VgQIhxz1G9aJEVU4KuO6cikSk0BHbhtDUNCutusyfPGZ9dEizOCZ1bZZjUcrglnMYAs4bnPNqcLJJVCpncaT+8ZEx2BQZGU1gqhyTeWNwTpQKWGnCp59hMG2nCQyCqzxiPa7tFN5ySgg3Jp8nIasae1LbApp1l6w3hU31JrSdJjgZr40Ao4rUZh3QnBCFXK4MOa4sRq3GmRWXGXpSNba3guOP332P5HyvnL0RZeCMBz1dgUu5POe6rs045wYeKHEEiKoslwA2xw99HGGEeRJ+/4MDrrz2Ejemj/oQIopBuoiJuRpihGDB5G3diYGQsEb76E3P7VQzrWwOnA0YC35cacJghXHTMa4N8zawruesvvdtFu47uN0rjC5dwU52cVvbuNEWxnvE2Fw2zZNHcsZIDFppqZd0qwXtQrPq9fSIUC8wIfS6pttWt1lnKzUqZ6mcJiaVEXzlqUzGIq1hNKrUE6JxY2WNetioiYz3TjN0q2C6swbjPLbyGOd0bA+iO0vUkZPGJBhVSNKuBIlBceUSu0XV247WQtv2Q7fKnKs+kbPaNxRC2Y6zF4yQnCO0oQ/lQkzEgW30JdXE5kepIjqq23v2L13mf/nm2xw1Hdt+tEFVTuOeebfa7Oi5vC6p/7fbZNX0nlKMwRW4RjbZVV/iy666lKoerFt+970D/vtXb7C7eAJSSmKKnVlriALGeYKxWFEdUMSSkuCiJlaacGzYRJ4EedCsMwk3rhg5w5a1bNmOSRtYtYFViKy6lub4IcsnD3UEivEYP0KsxVUjJa2IegQrohcvdoS6JrU1qWtwooMkJsZgLVTjEU7ot1zvPd5qzOicMHIO33VUVlTHyWw8qB059ZAxauwpGnq70KleqtXavhFweTey3iHOYb0qsVgRomT4rvB2jRpRaltVwz4hkZgTHCNEY6DtiLEjmRJ7S8ZfhSDqNUObk8GgiV4QITpH19UDfmfOzvPzSsNbynhvyfiTFQ6rbf75N9/irx5Pe82BE75RNtWiHloqO3pKiCTKEOMkCXdamkSGXnJQ0jNZ6lvy1lNEElIOYt5tIv/nozm/dvs629MDUquxDEAwgvGeaGwmkORESFRsqmsjWtKO/SxIkxKmaajQzN+MDD7CGNiOsG0Ni1Fk1QWW2VDrkGhCoomRJqzpuhXlo5LkzlM2YxsN6vG8EdyWVl68kKEbQ+U1TqxEPaR3Nic0RjNuI1Rtqx7VWzXmfH7s2GuGfBX/UQAADj1JREFUnbTSY0TnRZloMJ3KAxnZVKNEgQ6MyZQLkXzBdNaQqBXpRTJ6YVMXQDrNK0XJ42SYLxlL7Jq+opPEKkqDVqqSKdM40qAJMSrOaSzJOmJoiHEDIaVBDFpq7ghZ7tuxmFzif/rr9/jGwyeIO9lVW6BLtdHi9ErlSCuOKrOUO3pFL5wbZTpbsWZjrNabzUAjR0rcUObDD+GAjJtGw19MG6xb8Z9ducJe81D/Zgyp8mA1aUgx645mLxlD0HJYUtglxYgxQupaXNNBF3CiwlIuRnwXGTnRmrEVlk3Huoqsu0ATEusuUIdIHYrySD6pZX9ImuQZAWc0+x15xU4rI3i0suWsZZRxxsoYNVCvRumdwXqHNwZb6/ZtvMWJYFLU7dprXZ8YMVHPmbUJ6QKgwr490cSiHjJ3KEiymxtL02NirkSlrkO8V+guRhKdxvIF7itsI9RIQ90olJSjwy7frKkLSIbITpQsS7HFWiKipdpMDgE21LpciwfAWg63LvEvv/eIf//+PmK0hj/Iq3tM/fsukSxel69VUnt01ag6geRrtmVzxrXR5TzNPDkNTyWj1v/nR0vmyxX/9cu32Dt+pAmVs0RTwHolk2g5MBZxM8UYE/o+bYdpG5VijOpVDSApYJxuuZX1jFNiG6FOkQavnrONNE2nkpE5P1Cqnx5rmX5nRPrtWwkiOQkzGXss2bTkrNy7LG6VZSS9y1OcvYoIe5cHoukuYSvFc7V5MPbVEDGGSLfxiCIQpM8DQDTlMFmRRfL5DcUZZM9pDLFtc4zZaSyK9LEiCYLRkCm2kWRKFUj6z9cER+U1C9mjB93RrT42eWBwNt4CzOu11zDt4eQK//zN7/D1R8e51/2E38wGR/+796LI0M+dNNL8Gc77DSFYRNnvZWu3uXhfvGYPR6XsRbOL190o0+KAd5rA/7q/5B/euMGnpYbYgqQe4rQixJD62CNJ9pwieqe2jcZYSf+GFUxQ/M4KWOd0IEMS2gQT62lTokvQSUfIWXzwpRU6eyajA07t0IMaBcmdMXmLThpDOi0lWsCVDNSZDOHa/qYx0W1q8yLaX2Py7EhRnUwzOOGpsK+iHk/Kz1cPZVWpOuOyfaWLjQfqE52MOcbQQhHOKC0xaKyYxOh23bWkkFRQI3vQAhkVmlAPGWXjLhWkZC0phF7AuKA6KSXS1jZ/2Rr+t2+/x1/uT3MydtZLFsc5dKDpVLw59KQFdQDBDSeUFQO11uYaqekNMN/MOR4q98VG+FZIGbpStsv3FjX7y5pfvHOFX7p6me31kV4UDDEm+jnzZfsRrWiYtiM1LTZp0G+cgS6QghL5xKtXd6Kvc1UegQOEkPE5IwTjNFs1m+nLGCmiPDoXKldYnPeKNRL7cqN1tm9NscYqpFMQAKPTTQgRk8dLSK7MSIIUIiJqIAKbGabl98BYEck1a5RXmyARSE6REAphozyfjDMam1U7IqlpIbOMckqQm880oYpNm5nvOVZFeiMFIUqOTUPIWl4pn8uk3ZnWknqSNGAdT7Z2+aODJb//N+9w1Gyw9H5vze5fDbA4t3N24eLseiMs/1Erc24g7iVodlnggD7eHLyhGnhxxWnwN32sYFwkYRETX/rgkA9Xu/zCrWu8UbXQrpCo7PK+Jl5mfpKITYeUM22MxmChI2ZmPFG3WZKGB2IFMZZExJOINqrSs1UxCR2FozGaMaIsHSN9uc8YxRdtSljR2ZTeaWuyQTK4XYaS5UE9pUHw/2vvan7kKK7479V8eWbXu7DGFkcIkU8IYeRDjA2JckC+5A9FuTpSOJADikDgA5GiJApEvpBIxl68ONJudmen6+XwPqu7xx8IuEBLq53p6a6q9+p916tXqjXsPChRm7ZCo14Pb4IoGX7wbnU/iFXSxnZhUJGqcAXudduEVyXWygxGUb+potIGmM/ELiTNjYB46nUyQbfeoIOUbGcqLmCY1WFyB0oEjdQ3gOR/zudKvIz1bIkvMMedL/6Nv339CGe+oJG9dfb/qskt/Kqfe1KzpVolRqGnqYR2EgGnBXx7Pr6mYZi94D8JwFAvjEmkamXCP4+O8aDOcO2N1/G72+/h6i9fxXK+GF3qgnEVpX7VlJBuybr3SECMrTYAtldSA2hr7ef/GQ8Z5U1Q2b5Xdrswr4KwMoU1yhWqzgK+3Cm3SEbYTak/lU4wpjDNEK6xEKa9kC7WlL/cXvMYtTfYvHOO90/P1vjr3/+BO3f+gI/+/DHuPzgabLPZdpGOz4PzRXyRtvPemAwNN96+xXljfT/LpG2ghdwJ2zx5FmCqZlmDq98HRKXu7+3j6tWruH37PVy/fh0HBwff7SDUn68f/NpsNjg8PMTdu3fx/vu/x18+/xxHR99i021GvXLhgapZS1NcWF7A7u4uVqsl5vOFn/001Zj04GW0FMZg0M1b7zJrahTQhpKG3adv3H5pCDTtx/F1fI4+wFKx7sqVy7h5823c+NUNvPbaL3Dp0qVBpeOfrx/3Oj09xeHhIe7du4cPP/wT/vjBB7h//z5O/3cGcZD74jl9UO1kocrlaoWLu7vY2dnxynWyr0urfno0YKQ5/Z1uvfMbzskgQ7uz/TQaykoEamv6ti8abOlXtVFJzhCqzvb39/HWtTfx5rVrePWVV/Dyy1dw8eIelsulH4iV07S+r23AP6Ur7/y0PfjHJyd4/O0RvvrqP/jyy3/h088+xScff4JHR0dQz8KjCU+/5BnZt1WwWq2wt7enBLrQeZx4rShOBJ/NjTAtGPTur3/Lng/5hEHwUwlUn1JpPJCiHkOrHoQmwJdSDbD5bI7pbIYLiwUODg7w0uXLePHFF7BcLrFYLLCYzzFfzLG8sPQT2my/EBE8RAZt2zNmsu03htZnmoARnDAcTt/m4FlCQQyxC5KdoSkM6ye5DU94RgzxTHidnrzSeTnKc5ycnOjfMU5Pz6RKyfExHj06wtcPHuCbbw6l0kjHukWlf5jXswiDMHInGlterVbY39/Hzs6OLBNrJe28F2ybPWzTMZ0UWRc3x+bpEX+MTrTfpvDmZSIkyM+EWIZD/GanihFJ3LpOJRdxvV7j4cOHePzfx5grYLa8avuALEfAt3lMYgsu1FRxzmexj5jz+BOCeh9MIzQaRZcfs7ZgsG+GW69lC/H55lxyJRWO8/U68ms3ncQY2eoRkXuE4uRuIQYyxy2cDsd7ZpK+WeXfgykM1Fy81vJDG0cp9eMafOsVMdAIwqf8jZL9mkQHAR5ySFRRLad8AMU5G+jRn7qFlAawfYh5kELwcp4thSeePU8nAvIBW6JwRxKHsbLgk8kEedHAvEIDLiPTQmRATF4j5UeIMX0dN0MalEQbEjO0AwekltJ6fS73zjdeszQTZ+cEUWQjI1oi7cdNMPg94SAfHJGiA6Ka2/kxhhvzeyXkVONWY+pRIt4hDQTVEIxWJHcjNikGeTEG5QryQDOXQM9JKmCxFWsgxeko1p5aJPQ74ESYbHFGjffBoyDxqKmOJOWYZGurJBGLxKgqFYgjUbrpugdgJs74iRJQSShY/NHCY35fJ5N7yLM2vQ3WcteWLBxxJdsi03Wy/11WeGwLijGSEUEmy8wOYf4YHJkZm1CcPu7F00lJplHVQUZ2Gayg+MwuBFKfHHM7JAJuqZ8IhawIHDlxijQHKMcnc7iyCRlKu1OiApQq9eV1kFWLktoALZhMDl2SQqmj4GB5ULdFa1A6EpIb1ZvBZIithopaCKV0YC6qokpCQgtGDGFcCTnTKKd4BrfaWmaaxH1kKrQpcHWaESlNWhJ3kJDYhJ3ui7ey5TEeU4MGSEuALRwD4kR/Irc833CqQdGSl2iuWP0xnWFz37zvSBgRwc4RgJwqGLkc9pyZETH12ii10GWYpoUIVY+NQanwTC+HqZ3E8HBaAnOBaCrbW5B9OPYQg0CV/QymDCerk1WponZyjEntqp6GK2i05Onn8eL7vOBeqUmnxt7SMXK2UBMpBL7z1KgEVTuZdJ184BzZ89Rr7DmuLH2Dvm1IMZpe0wO5x6YlzbwJs8vaiEfTUnbLt64tmWKOqRDKZOpRlyw9Y3sHlF6UVmjIgES6L94ZhknFe1IErgYToE6oWVQLKHFmCMEVTtLtVbmIqD0OxRBTwUCV08qy519ZkjMG6BuZZJMGwa19xdZDsql4mwxjULdqRuwaaiWqrdPb8qlZRWaitFySdDMNRpao6ckScvhbzjrrS7l+R+x/4fBZG2ks/vS4+2YJH8ba1oJVrwPyefGBA0sSGTJSjr+TJCxXwWTTQfNio+oSJ3CoBkNCE96nkHal1uZ5puoICE+bwRUiQasUipjouj2K/NaUkRofouPBiNP+9+2xQQNOpKYFoPcy+oevlUJglgD0rHbourlULZ5EWZx4W3GUCLA1dTlUqJoCbjYgMsCKq8VMTuRHWY7iKMlagU2h7bvUTuh9LTc0EUxtmm3KgG4305wOTzoqw/YQVNMfof02ZcvC7tuVydloEARbA5bsa4vb+DMUVd6kGfHoWDPpC7Psp+YCoKY+FUALl6halH0xmmGvtiiZeGwciGboPeI0/I6R2PDFMSIdUZLxGrRgxGQCns3QdRXr2RSTMz2esadbE7Z61NlqrsB97lsp1KVoX7oWbym32Tgm9r56RKZ+oz9ruxn28F6CyDSGEVyUtokKL5lFh32Qg++Mxoym0GbY/klVNE6JIY3BVFBUNfggDeZECL6lAVFfnoscmycevmTYW5aPtSHStAPXCSyWV7kIkVJRFdwziJDe7zPcc17jknQLiZIkQXORiifTaYfpZBrlzLfT9kivBgQGsJln3ar49Lvn7xZ3CGNmNM/TzsbsmxxbhvFso6YQXmZP9qIpDQzowxbM2F9i/z8wbEgTrx77qAAAAABJRU5ErkJggg==', 'soso', 'soso', 'soso@reims.fr', '$2y$10$61JS21Vok3wGm/2KT5mAYOdqnBb/JDCoLJ8D/4.TCZxH17Eu4FQC6', '2023-06-04 13:42:46'),
(5, NULL, 'test', 'test', 'test@email.fr', '$2y$10$7rE0FTy4GMtWKZrGIL7Ka.Xedbpy5.qUNo3anNRC8zW6WSLozsS5e', '2023-06-04 13:42:46'),
(6, NULL, 'admin', 'admin', 'test', '$2a$10$x6iXMbXMxWG6uOMEqUmlFOaDx2HoSPi0NWZO7qxh0WrBl3KL5BgNW', '2023-06-04 13:42:46'),
(7, NULL, 'admien', 'admien', 'test', '$2a$10$5YtiToVwR/jFdr/NnTTuiuqACm8dszEzHolysuv92xmw/1h1LuBdy', '2023-06-04 13:42:46'),
(8, NULL, 'admien', 'admien', 'test', '$2a$10$QYMO5nmTE2cBpNuV2wUpvOGfQFrvcq2PEaWIDtHyiojWS9oXIPcES', '2023-06-04 13:42:46'),
(9, NULL, 'MeufCool', 'MeufCool', 'Meuf', '$2a$10$Jxvq8p85YDQYwI.95N4f9e5cgWqO9.DvXb0MopSlAQe8pLMXt.v6a', '2023-06-04 13:42:46'),
(10, NULL, 'toto', 'toto', 'ef@gmail.com', '$2a$10$dh8vvRc00op0YQNJ7bFt1OfpxQzOSePTqnk8L3q/9uLlMCG2EE3XC', '2023-06-04 13:42:46'),
(11, NULL, 'Nidal', 'Nidal', 'nidal.idrissi@gmail.com', '$2a$10$aDvuGCtPIJrRu5iSrvvlauY128rUviazC0QVYHlVoo3Paz4A5UR3q', '2023-06-04 13:42:46');

--
-- Index pour les tables déchargées
--

--
-- Index pour la table `amis`
--
ALTER TABLE `amis`
  ADD PRIMARY KEY (`idUser1`,`idUser2`),
  ADD KEY `idUser2` (`idUser2`),
  ADD KEY `idUser1` (`idUser1`);

--
-- Index pour la table `jouer`
--
ALTER TABLE `jouer`
  ADD PRIMARY KEY (`idUser`,`idPartie`);

--
-- Index pour la table `partie`
--
ALTER TABLE `partie`
  ADD PRIMARY KEY (`idPartie`);

--
-- Index pour la table `tokens`
--
ALTER TABLE `tokens`
  ADD PRIMARY KEY (`idToken`),
  ADD KEY `idUser` (`idUser`);

--
-- Index pour la table `utilisateur`
--
ALTER TABLE `utilisateur`
  ADD PRIMARY KEY (`idUser`);

--
-- AUTO_INCREMENT pour les tables déchargées
--

--
-- AUTO_INCREMENT pour la table `jouer`
--
ALTER TABLE `jouer`
  MODIFY `idUser` int(11) NOT NULL AUTO_INCREMENT, AUTO_INCREMENT=8;

--
-- AUTO_INCREMENT pour la table `tokens`
--
ALTER TABLE `tokens`
  MODIFY `idToken` int(10) UNSIGNED NOT NULL AUTO_INCREMENT, AUTO_INCREMENT=195;

--
-- AUTO_INCREMENT pour la table `utilisateur`
--
ALTER TABLE `utilisateur`
  MODIFY `idUser` int(11) NOT NULL AUTO_INCREMENT, AUTO_INCREMENT=13;

--
-- Contraintes pour les tables déchargées
--

--
-- Contraintes pour la table `amis`
--
ALTER TABLE `amis`
  ADD CONSTRAINT `amis_ibfk_1` FOREIGN KEY (`idUser1`) REFERENCES `utilisateur` (`idUser`),
  ADD CONSTRAINT `amis_ibfk_2` FOREIGN KEY (`idUser2`) REFERENCES `utilisateur` (`idUser`);

--
-- Contraintes pour la table `tokens`
--
ALTER TABLE `tokens`
  ADD CONSTRAINT `tokens_ibfk_1` FOREIGN KEY (`idUser`) REFERENCES `utilisateur` (`idUser`) ON DELETE CASCADE ON UPDATE CASCADE;
COMMIT;

/*!40101 SET CHARACTER_SET_CLIENT=@OLD_CHARACTER_SET_CLIENT */;
/*!40101 SET CHARACTER_SET_RESULTS=@OLD_CHARACTER_SET_RESULTS */;
/*!40101 SET COLLATION_CONNECTION=@OLD_COLLATION_CONNECTION */;
